employee_id,working_time_id,forms_of_remuneration_id,wage_system_id,appointment_date,payment_date,compensation_payments_id
306,1,2,1,1991-03-30,1992-06-03,2
1422,1,2,1,2010-12-08,2015-05-12,1
252,2,1,2,2016-04-30,2006-10-06,2
616,2,1,1,1998-08-06,2012-03-31,2
935,1,1,1,2001-09-05,2021-04-15,2
379,1,2,1,1999-12-19,1993-11-10,2
1830,2,2,1,2019-05-21,2010-05-19,1
1593,2,2,1,1999-10-24,2004-11-23,1
1044,2,2,1,2017-10-19,1993-07-14,1
798,1,1,2,1993-08-08,1993-07-12,2
694,1,1,1,1998-09-05,1992-08-15,2
1741,1,2,2,2009-08-28,1992-10-26,1
219,1,1,1,2016-10-27,1996-12-24,2
1421,2,2,1,1991-11-03,2004-04-03,1
1467,2,2,1,2006-03-19,2000-06-19,1
472,2,2,2,2000-08-12,2016-08-25,2
241,2,2,2,2008-02-22,2020-10-02,1
233,1,2,1,1995-03-28,2018-10-07,2
1191,1,2,2,2016-05-04,1990-09-25,2
1424,2,2,1,1995-04-26,2002-10-05,1
928,1,1,1,1993-05-20,2014-10-19,2
352,1,1,1,1997-02-08,2021-12-16,1
921,1,2,1,2005-08-11,2000-08-25,2
1483,2,2,2,1992-10-25,2003-04-08,2
269,2,2,1,1995-01-01,1994-09-04,1
1686,2,2,2,1993-05-17,2017-05-02,2
1079,1,2,1,2017-12-08,2016-05-26,1
767,1,1,2,1990-05-07,1999-09-05,1
1767,1,1,1,2015-03-15,2016-11-02,2
1045,2,1,1,2017-09-12,2000-04-14,2
1901,2,2,1,2014-10-10,1991-10-20,2
1463,1,2,2,2021-08-01,2019-03-15,2
1308,2,1,2,2019-02-18,2002-10-02,1
689,2,1,1,2015-07-22,1993-09-09,1
210,2,2,1,1990-05-09,2015-05-14,2
1329,2,1,1,2013-07-06,2019-08-31,2
1844,2,2,2,1991-12-24,2014-12-04,2
331,2,1,2,2013-06-12,1992-12-23,2
831,2,2,1,2018-03-27,1999-06-07,2
553,2,1,2,1997-11-22,2002-05-08,1
683,1,1,2,2016-10-08,2016-12-26,1
371,2,2,2,2005-08-16,2000-12-01,2
1596,2,2,1,2006-08-22,2006-08-19,1
356,1,2,1,2013-09-01,2017-05-12,2
1799,1,1,1,1996-05-28,1996-07-06,1
1632,2,2,2,2010-03-25,1991-12-03,2
1427,2,2,2,2008-09-16,2006-10-09,2
1325,2,1,2,2007-03-25,1993-11-15,2
1877,1,2,2,1998-05-04,2012-04-03,1
375,1,2,1,1991-06-30,2017-03-08,1
591,1,1,2,2003-02-13,2002-02-20,1
1226,1,1,2,1994-02-25,2017-10-15,1
138,1,2,1,2007-04-18,2009-01-08,1
1234,1,1,2,2018-04-22,2007-02-03,1
61,1,1,1,2020-05-28,2008-06-03,2
758,2,1,1,2009-05-20,2000-05-11,1
1738,1,2,2,1999-11-03,2010-09-27,2
1510,1,1,1,2014-10-04,1999-10-31,1
1251,1,2,2,1994-09-27,2016-01-11,1
1367,1,2,2,2007-05-09,1992-02-26,1
1082,2,1,2,2007-02-18,2015-12-01,1
1164,2,1,2,2015-02-27,2008-04-29,1
954,2,1,2,2005-04-05,2014-07-24,1
498,1,1,2,2017-11-20,1990-08-06,2
391,1,1,2,1992-10-18,2000-10-15,2
740,2,2,2,2020-07-06,1991-03-11,2
1960,2,2,1,2008-11-18,2019-11-14,2
1786,1,2,2,2010-09-10,2018-11-14,1
185,1,2,1,1999-02-02,1996-06-05,2
1598,2,2,1,2001-06-24,2002-08-21,1
1391,1,1,1,2005-11-26,2019-03-22,2
1299,2,1,2,1991-08-11,2010-03-30,2
1687,1,2,2,2021-10-09,1998-08-08,2
984,2,1,2,2015-10-28,1998-10-19,1
197,1,1,1,1998-02-28,1997-03-22,1
1873,2,2,1,2000-01-27,2008-02-18,1
1817,2,1,2,2011-10-20,2013-02-12,2
1598,2,1,1,2007-06-20,1999-10-03,1
1612,1,1,2,2011-08-23,2001-12-11,1
1249,1,1,1,2015-06-07,2001-07-15,2
1675,1,1,2,2017-10-02,1994-06-07,1
1116,2,2,1,2011-08-09,1993-06-04,1
193,2,2,1,1991-09-29,1992-03-13,2
533,2,2,1,2001-01-09,2019-01-31,1
396,2,2,2,2009-05-16,2014-11-29,2
1423,2,1,1,2010-01-20,2013-07-23,1
1081,1,2,1,2003-05-28,2010-11-19,2
417,1,1,1,1990-07-29,1994-04-23,2
1986,1,2,1,1991-10-10,1999-03-10,2
1027,1,1,1,2002-12-10,2004-09-18,2
60,2,2,1,2021-06-09,1995-05-19,1
1260,1,1,2,2015-05-12,2012-10-15,2
1402,1,2,2,2017-08-29,2003-11-23,1
1181,2,2,1,2019-12-31,2013-08-20,2
800,1,1,1,1996-09-02,2016-11-08,1
1579,2,1,1,2020-02-12,2006-03-03,2
373,1,2,2,2000-10-31,2015-03-25,1
1363,2,1,2,1999-09-26,2002-08-21,2
1109,1,1,2,1998-01-07,1991-01-15,1
360,2,1,1,1992-11-09,2008-07-31,2
1890,2,1,2,1999-05-29,2000-05-03,2
1693,1,2,2,2003-04-07,2007-11-12,2
227,1,1,2,2021-12-22,2006-05-26,2
1301,1,2,2,1994-02-25,2018-11-30,1
1072,2,2,1,2008-04-27,2015-03-18,2
1601,2,1,1,2017-05-09,2020-12-17,2
507,1,1,1,2007-01-04,2009-08-19,2
1451,2,1,2,2005-05-03,2002-03-05,1
358,2,2,2,2003-12-12,2003-11-09,1
857,1,2,1,2004-12-23,2003-03-20,2
1466,1,1,2,2019-01-29,2010-01-27,2
954,1,1,1,2012-11-02,1994-12-24,2
1893,1,2,2,2020-05-15,2009-04-24,1
130,2,2,2,2014-10-17,2018-01-21,2
1948,2,2,2,2021-04-10,1993-07-18,2
247,2,1,2,2019-10-20,1995-08-12,1
1731,1,1,1,2008-04-23,2000-02-27,2
26,2,1,2,2010-03-28,1991-08-02,2
415,1,1,2,2004-03-13,2003-06-29,2
1168,1,1,2,2019-01-11,2015-07-18,2
1212,1,1,2,2004-11-18,2013-03-18,1
1449,2,2,2,1997-07-08,2018-02-14,2
959,1,1,1,2006-09-13,1997-09-01,1
1460,2,2,2,2020-03-16,1992-01-25,2
1634,1,2,2,2011-07-25,2006-11-08,2
1324,2,2,1,2021-05-13,2013-10-28,2
1919,2,2,1,1993-01-15,1998-02-05,1
1558,1,1,1,1991-04-20,1992-12-02,1
1490,1,2,1,2001-04-25,2008-02-19,2
527,1,2,1,2011-04-03,2018-11-17,2
388,1,2,2,2009-04-13,1998-10-02,2
1957,2,1,1,2003-02-15,2004-08-01,2
1124,2,1,2,1998-04-01,2013-01-01,1
18,1,2,2,1993-08-17,2010-07-14,2
220,1,2,2,1990-10-01,1997-09-20,2
887,2,1,1,2007-07-19,2007-12-26,1
1668,1,2,2,2003-06-21,2014-12-07,1
109,2,1,2,1991-04-11,1992-05-19,2
1217,1,1,2,2009-11-26,2002-12-28,2
247,1,1,2,2007-06-21,2019-04-18,2
760,2,2,2,2017-06-05,1991-09-11,1
895,2,2,2,2014-08-27,2018-11-11,1
1064,1,1,2,1995-02-26,2019-05-26,2
590,2,1,1,1998-12-09,1999-03-10,1
322,1,2,1,2009-06-06,1994-09-03,2
1379,1,2,2,2000-07-06,2016-10-15,1
1772,2,2,1,2006-05-31,2012-08-04,2
294,1,1,1,2000-06-06,2015-01-05,1
13,1,1,1,2011-05-21,2012-10-02,2
1931,2,2,2,1991-10-25,2010-07-26,1
1311,1,2,1,1990-01-18,2006-04-17,2
1867,2,1,1,2019-02-14,2008-08-08,2
194,2,2,1,2007-07-15,2012-05-15,1
617,1,2,1,2014-01-29,2003-03-11,2
1174,1,2,1,2000-06-15,2003-11-30,2
89,2,1,1,1997-11-26,2019-08-16,1
431,1,2,2,2001-02-17,2020-04-05,1
21,1,1,2,2008-07-07,1999-03-08,1
483,1,1,2,2009-02-08,2015-10-08,1
530,2,2,1,2007-02-14,1994-05-11,1
1210,2,2,2,2000-03-02,1992-01-06,2
231,2,2,1,1995-03-30,2017-01-17,1
1638,2,1,1,2016-04-20,2010-07-22,2
1549,1,1,1,1995-12-10,2020-06-26,1
874,2,1,2,2005-01-29,2018-10-07,2
877,2,1,1,2006-08-14,1990-10-29,1
1690,1,1,2,2009-07-24,2009-03-10,2
1447,1,2,2,1999-02-09,2020-12-24,1
1161,2,1,1,1991-01-04,2016-02-11,1
690,2,2,2,2021-01-25,2016-02-07,2
1902,1,2,2,1996-07-27,2000-07-27,2
1801,2,1,2,2013-12-24,2009-03-26,1
1118,2,2,2,2002-08-01,2000-03-23,1
1664,2,1,1,1996-05-22,1996-05-21,1
572,1,2,1,2019-10-27,1996-01-09,1
1836,2,1,2,1991-01-06,2003-04-03,1
1121,1,2,1,1991-04-13,1996-09-20,2
257,1,1,2,1993-10-29,1996-06-10,2
1036,2,2,2,1992-07-21,2012-05-01,1
996,2,1,2,2020-08-02,2017-01-03,1
448,1,1,1,2013-09-02,2008-08-12,2
1775,1,1,1,2018-09-03,1992-01-16,2
1202,1,2,2,1994-04-07,2010-12-02,2
672,1,1,2,2014-06-18,2008-09-28,2
801,2,1,1,2002-01-07,1996-07-11,2
1195,1,2,1,2007-12-18,2011-10-31,2
1154,1,2,1,2008-10-01,1992-01-02,1
1852,1,2,1,2001-01-04,2008-11-30,2
802,1,2,2,1997-01-12,2019-03-31,1
413,2,2,2,1992-07-20,2015-03-12,1
1650,1,1,2,2021-05-11,1991-10-17,2
964,1,2,1,2013-01-08,2001-12-11,1
1577,2,2,2,2011-12-09,1997-03-04,2
1428,2,1,1,2011-11-25,2018-08-26,2
900,2,1,1,2014-02-24,2014-03-17,1
1822,1,1,1,2009-01-01,2009-07-05,2
1029,2,2,2,2000-10-10,2000-06-03,1
1453,2,2,2,2004-06-27,2021-02-14,2
1807,2,2,2,1995-07-12,1993-10-05,2
86,2,1,2,2009-03-07,2015-05-27,2
1035,2,1,2,2016-10-30,1997-05-10,1
400,2,1,2,2019-05-25,1996-08-01,1
1157,1,1,1,2008-07-20,2019-05-24,1
279,2,1,2,2003-09-24,1998-08-03,1
521,2,1,1,2002-08-31,1999-04-10,2
1926,1,1,1,2016-04-05,2012-07-14,2
510,1,1,1,1996-05-27,2009-02-05,1
875,1,2,2,2005-06-25,2012-09-24,1
239,1,1,2,1991-05-23,1993-01-12,2
1291,1,1,1,2010-07-18,2017-01-05,1
100,2,2,2,2004-11-18,2012-02-17,2
708,2,2,1,2007-01-05,2020-12-08,1
1488,1,2,1,2006-08-31,2007-05-23,1
1941,2,2,2,2002-11-09,2018-12-11,1
480,2,1,1,1995-12-13,2005-05-06,1
543,1,2,2,2004-09-05,2011-01-12,1
739,1,1,2,1999-11-05,2002-07-12,1
1354,1,1,1,2010-02-08,1990-06-20,2
267,2,2,2,2014-04-13,2016-04-07,2
1393,2,2,2,2009-05-03,1992-04-22,2
667,1,2,1,1990-04-25,2009-09-11,2
1707,1,2,2,1994-09-11,2012-06-18,1
905,2,1,1,1998-01-22,2002-05-27,1
965,2,2,1,2007-11-14,1994-11-23,1
54,1,2,2,2007-09-13,1997-02-28,2
933,1,2,1,2014-07-01,2005-07-07,1
1831,1,2,1,2014-04-13,2020-09-26,1
877,1,2,1,2017-10-08,2019-06-26,1
1211,2,1,2,2000-09-29,2014-03-03,1
1986,2,2,2,1998-08-27,2003-04-19,1
1349,1,2,2,2001-10-14,1991-09-16,2
1548,2,2,2,1992-07-20,1999-08-14,1
1038,2,2,1,2011-04-21,1991-03-20,2
1859,1,2,2,2011-08-01,2007-05-16,1
1342,2,1,1,1998-05-11,2003-01-08,1
1290,1,2,2,2015-11-23,2015-04-12,1
1168,1,2,2,2021-11-02,1999-02-28,2
1652,1,2,2,2011-04-17,2010-03-14,1
1139,2,2,2,2017-07-27,1995-07-28,2
765,1,2,1,2011-04-27,2004-06-07,1
466,1,2,2,2000-03-19,1992-11-24,2
290,2,2,2,2018-10-19,1999-02-20,1
277,2,1,1,1991-04-21,2001-08-02,2
77,1,2,1,2013-08-04,2011-04-12,2
1226,1,1,2,2009-04-17,2017-01-24,2
913,2,1,2,2019-04-05,2015-04-07,2
1145,1,1,1,1999-10-31,2013-08-03,1
1931,2,2,1,2016-02-04,2006-05-10,2
589,1,2,2,2000-06-30,2013-05-31,1
723,2,1,2,2000-08-15,2000-05-23,1
356,2,2,1,1994-06-01,1994-09-15,1
13,1,1,1,1995-03-03,2011-01-30,2
230,2,2,2,2004-11-13,2021-02-21,1
1099,2,1,1,2012-01-30,2019-02-14,2
1556,2,1,2,2021-12-04,1992-11-17,1
696,2,2,1,1995-07-22,2011-02-22,2
1012,2,2,1,2009-02-07,1994-09-02,1
1370,1,2,1,2011-12-24,2016-05-11,2
1362,2,2,1,2012-10-16,2010-09-11,1
1312,1,2,1,1996-09-03,2020-06-06,1
157,1,2,2,2016-11-19,2013-06-27,2
1927,1,1,1,1993-01-02,2009-08-10,2
1059,1,2,2,2000-12-05,2019-06-24,1
833,2,2,2,2019-09-24,2018-09-24,1
1421,2,1,1,2011-01-28,2012-12-16,1
185,1,1,1,2012-04-10,2017-08-13,2
1155,1,1,2,1992-04-02,1993-08-13,1
1738,2,2,2,2005-11-25,2014-05-13,2
1138,2,1,2,2008-11-28,2015-01-16,2
1537,1,2,2,2015-11-12,1995-08-30,2
1883,2,2,2,2001-12-25,2011-06-17,2
1146,2,1,1,1998-10-17,2017-06-26,1
1619,1,2,1,2010-09-02,2011-03-20,1
15,1,1,1,1995-10-15,2011-03-13,2
1965,2,1,1,1990-06-01,2009-12-07,1
907,2,2,2,2010-11-28,1993-03-17,2
377,1,1,1,2000-09-17,2002-01-12,1
329,2,1,1,2014-08-30,2006-01-20,1
529,2,2,2,1996-12-24,2008-08-06,1
756,2,2,1,2003-07-07,1992-06-20,2
745,2,2,2,2019-05-27,1992-03-21,2
227,1,2,2,2020-05-03,2000-11-14,2
1681,1,2,1,2014-04-14,2007-10-25,1
487,1,1,1,2010-02-14,2005-12-05,1
1429,2,2,1,1992-08-16,2017-11-18,2
1742,1,1,2,2017-04-27,2020-01-21,1
932,2,1,1,2000-05-25,1998-09-14,1
385,2,2,1,1992-09-08,2018-05-09,1
471,2,1,2,2020-08-23,1991-08-08,2
1825,1,1,2,2020-07-15,2011-03-06,2
1543,2,1,2,2008-05-10,1999-07-22,1
347,2,1,1,1996-04-09,2014-08-25,1
1307,2,2,2,2013-05-25,2014-01-14,2
1915,1,2,2,1999-04-07,2002-10-08,2
272,2,1,1,2001-08-02,2001-05-11,1
1617,1,1,1,1993-10-07,2020-01-31,2
52,1,2,1,2002-04-16,1996-04-18,1
937,1,2,2,2009-09-01,1994-03-12,1
634,2,2,1,2021-05-26,1996-01-03,1
1588,2,1,2,2014-10-20,1999-09-23,1
1350,1,2,2,2001-03-04,1999-03-24,2
748,2,2,1,1991-07-18,2002-03-09,1
1961,1,1,1,2000-10-12,2016-02-02,2
130,2,1,2,2004-05-21,2021-04-24,1
1315,2,2,1,1991-01-27,2004-07-31,2
1089,1,2,2,1999-10-31,1990-11-08,2
1678,2,2,1,2006-06-04,1994-01-06,2
1147,2,1,2,2016-07-30,2003-12-03,1
813,1,1,2,1994-07-02,1995-06-24,1
1584,1,2,1,1993-02-13,2005-02-13,2
1769,2,1,1,2003-07-14,2004-11-14,2
1957,1,1,1,2004-03-04,2011-11-15,1
362,1,2,2,2020-09-05,2002-03-02,1
583,2,1,1,2000-05-04,2003-12-31,2
1639,1,2,1,2012-02-05,1990-09-28,1
635,1,2,2,2000-01-20,2012-02-07,2
544,1,1,2,2003-07-30,2008-01-01,1
829,1,1,1,2010-07-21,2021-07-16,2
403,1,1,1,2020-07-30,2001-08-13,2
89,2,2,2,2000-03-31,2016-10-31,2
1605,2,1,1,2004-02-24,1992-03-28,1
411,1,1,1,1992-04-27,1992-06-05,1
1521,1,1,1,1995-05-26,2014-11-11,2
533,1,1,2,1997-03-23,2010-01-12,1
459,1,2,2,2003-03-22,2016-08-26,1
470,2,2,1,1990-12-02,2018-06-13,2
135,2,1,1,2000-02-20,2010-01-28,2
209,1,2,1,2018-01-11,2001-03-01,1
1853,2,2,1,2015-12-04,2008-10-31,1
332,1,1,2,2004-01-15,1995-04-12,2
447,2,2,2,1999-05-21,1999-03-28,1
1048,1,1,2,2017-02-23,2004-08-26,1
786,2,2,2,2016-09-19,2013-10-02,2
1416,2,2,2,2001-01-31,2012-04-06,1
1661,2,1,2,2011-12-09,1990-03-06,2
983,1,1,2,2010-01-31,2019-11-01,2
766,1,1,2,2017-03-26,2011-10-12,1
522,2,2,2,2009-11-17,2015-07-16,1
1838,2,1,2,2013-01-14,2018-12-04,1
320,1,1,2,1996-08-27,2008-08-01,1
330,1,1,2,2005-04-04,1997-11-15,1
1487,2,1,1,2000-03-10,2004-04-07,2
359,1,2,1,1997-06-22,1993-08-04,1
577,2,2,2,1999-05-04,2010-07-23,1
833,2,1,2,1999-02-03,2004-09-01,2
1333,1,1,2,2016-05-14,2007-01-10,2
1040,2,2,2,1992-05-23,2005-09-16,2
541,2,1,2,2016-06-24,2021-09-24,1
1126,1,1,2,2020-06-22,2012-06-15,2
371,2,1,1,1998-05-27,2004-11-04,1
1043,2,1,2,1990-08-05,2020-08-25,2
1755,1,1,2,1991-10-13,2017-12-29,2
1696,2,1,1,2016-12-03,2019-09-10,2
837,1,2,1,2016-11-14,2019-02-22,1
618,2,2,2,1999-06-27,2006-01-13,1
475,1,2,2,2007-01-21,1995-01-18,1
1570,1,1,2,2013-05-24,1990-10-17,1
915,1,1,2,2010-02-07,1999-04-04,2
898,1,2,1,1998-06-01,1994-09-26,1
1736,2,2,1,1990-07-31,1996-04-18,2
1100,1,2,1,1992-08-27,2006-02-14,1
1389,1,1,1,2020-12-29,1991-09-17,1
913,1,1,1,2007-03-26,2016-03-25,1
291,2,2,1,2019-09-27,1997-06-20,2
1808,2,1,1,2007-03-22,2004-08-03,1
1956,2,2,2,2006-12-04,1992-09-11,2
718,2,1,1,2017-12-02,2016-05-10,1
1618,1,1,2,2017-11-17,2017-07-12,2
1003,1,1,2,1993-01-28,1993-01-12,2
473,2,2,1,2019-08-30,2002-06-22,2
1746,2,1,2,2001-06-16,1994-08-09,2
1136,2,1,2,2007-06-25,2011-12-28,1
827,2,2,1,2015-07-20,2010-03-05,1
1092,1,2,1,2013-10-24,1994-03-14,2
710,2,2,1,2000-11-07,2013-06-08,1
1693,2,2,2,1998-10-14,1996-12-19,1
1286,2,1,1,2014-03-04,2020-02-27,2
1532,2,1,2,1999-06-09,2010-05-31,2
180,2,2,1,2016-10-19,1998-12-27,1
1509,2,1,2,1992-08-15,1990-03-30,2
1612,2,1,1,2020-11-10,2009-03-15,2
1278,2,1,1,2007-04-04,2010-07-23,1
1588,2,1,1,1997-03-17,2017-10-11,1
435,1,1,1,2012-08-03,2015-10-07,2
1649,1,2,1,1991-11-29,2003-11-11,2
784,1,2,2,2014-12-18,2014-05-04,2
1613,2,1,2,1991-04-10,1991-03-13,1
1317,2,2,2,2020-09-04,2015-01-07,2
94,1,2,1,1990-10-06,1999-08-18,1
1054,2,1,1,2001-08-22,2009-12-31,1
1838,2,2,1,2008-09-27,1990-07-28,2
103,1,2,1,2000-12-18,1996-09-08,2
808,2,1,1,1992-11-24,1997-11-22,1
256,1,1,2,2012-07-05,2001-04-13,2
1984,2,1,2,1995-02-24,2017-08-17,1
1566,2,2,2,1995-11-21,1999-10-07,2
990,1,2,1,2018-11-27,1993-12-03,2
1354,2,1,1,2005-03-04,2007-06-02,2
1858,1,2,2,2014-05-31,2002-12-11,1
67,1,2,2,2003-04-01,2004-09-06,1
569,2,1,2,2007-03-12,1993-05-25,2
954,2,1,1,1993-07-25,1992-11-26,1
1587,1,1,1,2014-06-24,2014-05-08,1
1820,1,1,2,2004-07-28,2012-09-30,1
1763,2,1,1,1999-09-20,1996-12-11,1
269,2,1,2,1999-06-24,2000-06-18,1
529,2,1,1,2006-12-16,2009-03-31,2
1794,1,2,2,1992-04-20,1996-04-23,1
523,1,1,2,2003-07-27,2008-08-03,2
658,1,2,2,2012-10-30,2017-06-18,1
1822,2,2,1,1996-10-14,1992-09-14,2
1276,2,2,1,2020-11-22,1992-01-30,2
810,2,1,1,2019-05-28,2015-10-10,1
144,1,2,1,2003-06-07,2000-11-20,1
10,1,2,2,2019-07-21,2008-12-23,1
1092,1,1,2,2001-12-06,2003-12-28,2
1964,1,2,1,1997-01-02,2012-05-15,1
397,1,2,1,2015-01-17,2020-10-11,1
1154,2,2,2,2007-06-23,2000-01-29,1
1302,2,2,2,1998-07-22,2020-07-16,2
266,1,1,1,2015-09-12,2014-11-02,1
1333,2,2,2,2017-12-06,2021-01-12,1
165,2,1,2,1990-12-25,2016-07-30,1
1836,2,1,2,2011-08-09,1990-05-21,2
281,1,2,1,2006-01-08,2016-04-21,1
110,2,2,2,1995-02-10,2021-07-14,1
16,1,1,1,2011-09-28,2007-02-02,1
25,1,2,1,1990-12-21,2015-02-17,2
1470,1,1,1,1990-05-15,1998-05-22,1
90,2,2,2,2018-11-29,2007-07-20,2
958,1,2,1,1995-12-09,1992-08-14,2
991,2,2,2,2017-05-18,1995-01-27,1
1527,2,2,1,1998-04-10,2016-10-07,1
1749,2,1,2,2006-04-07,1996-05-07,1
1087,2,1,1,1997-03-27,2019-07-20,2
293,1,2,2,2017-12-21,1999-06-25,2
1164,1,2,2,2003-02-14,1994-02-10,1
139,1,1,2,2020-07-26,2020-02-15,2
207,1,2,1,1991-04-25,1998-05-13,1
272,2,2,1,2001-09-06,2017-10-30,2
85,1,2,2,1992-03-12,2014-03-20,2
192,1,2,2,1997-02-26,1997-06-27,2
150,1,1,1,2004-02-11,2013-06-03,2
1285,1,2,1,1996-02-12,2008-10-02,1
998,2,1,2,2007-10-31,1995-06-03,2
563,2,1,1,2002-05-15,2019-08-28,1
1775,2,1,1,2010-01-20,1998-11-16,1
932,2,1,1,2011-11-19,2008-11-09,1
525,2,2,2,2005-01-16,1999-08-11,1
1080,1,2,1,2015-12-16,2014-09-05,2
504,2,1,1,2009-10-23,2008-03-05,2
61,2,1,1,2020-08-06,2018-05-04,1
1415,2,1,1,2008-04-14,1994-09-08,1
1680,1,2,2,1991-01-02,2013-08-16,1
68,2,2,1,2005-01-02,2016-08-07,2
247,2,2,2,2021-11-24,1995-08-24,1
1359,1,1,2,1999-05-17,2018-08-12,1
1091,1,1,1,2019-02-11,2011-08-07,1
1082,1,2,2,1998-08-03,2018-11-10,1
137,1,2,1,1993-07-02,2009-01-10,1
1926,1,1,1,2007-09-30,1996-10-04,1
1891,1,2,2,2017-01-09,2018-01-23,2
910,2,2,2,2007-07-31,1991-08-27,2
209,2,1,2,2013-03-23,2019-01-21,1
1120,1,2,1,1999-04-23,2005-03-01,2
812,1,1,2,2017-10-24,2019-06-12,2
1613,1,2,2,2020-08-14,2008-01-09,1
743,1,2,2,2001-08-23,2008-05-19,2
487,1,1,2,2009-01-25,2009-05-22,1
1635,1,1,2,2011-02-08,2001-09-17,1
1473,1,1,1,2002-05-23,2014-06-18,1
1109,2,2,2,1990-03-17,2014-03-23,1
218,1,1,2,2014-08-01,2013-04-25,2
52,1,1,1,2004-07-05,2016-11-06,1
610,2,1,2,1992-10-21,1993-02-15,1
734,2,2,2,1997-09-26,2012-01-09,2
902,2,2,1,1991-04-13,2014-04-17,2
741,2,2,2,2019-08-25,2009-05-05,2
228,1,1,2,1998-02-16,1999-09-19,1
942,2,2,2,2015-02-05,2001-09-27,1
33,2,1,2,2004-02-12,1997-11-03,2
1801,1,1,1,1995-03-14,1992-07-20,2
1860,2,1,2,2011-06-03,2006-10-02,1
1952,2,1,1,2006-10-13,1996-06-15,1
303,2,2,2,2020-09-30,2011-03-09,1
1968,1,2,1,2012-09-11,1996-06-08,1
72,2,1,2,1999-10-15,2017-10-28,2
1993,2,1,1,1997-03-19,2012-07-27,2
1419,2,1,2,1993-08-28,2012-09-11,1
659,1,1,1,1992-04-19,2009-10-30,1
557,1,2,1,2000-07-04,1992-09-19,1
821,2,2,1,1998-07-20,2013-03-23,1
1783,1,2,1,2011-07-11,1998-12-14,1
1636,1,2,1,1999-01-08,1999-04-19,2
1300,1,1,2,2004-01-14,2016-10-18,1
1733,2,1,1,2007-04-10,1991-02-13,1
1452,1,1,2,2013-07-24,2000-02-06,2
130,2,2,2,1994-08-30,2003-03-18,2
310,1,1,2,1994-06-05,1996-05-08,1
895,1,1,2,1999-01-27,2016-05-12,1
644,1,1,1,1991-02-19,2015-08-10,1
230,2,1,2,1998-08-08,2015-04-23,1
147,2,2,1,1994-02-05,1997-10-02,1
1223,2,1,2,2018-03-12,2006-01-15,1
1464,1,1,2,1996-08-18,2002-03-15,1
851,1,2,2,2015-08-28,1993-11-18,1
608,1,1,2,2021-10-17,1999-03-12,2
1274,1,1,1,1993-02-23,1999-06-24,2
1736,2,1,2,2000-12-22,2018-05-05,2
85,1,1,1,2017-12-26,1990-10-23,2
1868,2,1,1,1999-04-16,2000-10-26,2
688,1,2,2,2021-05-22,2017-11-11,2
1110,1,2,2,2003-05-03,2003-11-20,1
1789,2,2,2,2011-09-22,2004-06-17,2
1977,1,1,1,2017-05-29,1999-11-12,2
1106,2,1,2,2018-01-21,2012-08-06,1
956,2,2,1,2009-08-16,2005-11-29,2
1314,1,2,2,2002-01-19,2006-08-23,2
1206,1,2,1,2018-11-02,2004-07-07,2
74,2,1,1,2012-05-01,2000-07-17,1
642,2,2,2,1995-11-13,2009-05-03,1
599,1,1,1,2017-08-11,2002-03-25,2
210,2,2,1,2007-02-24,2002-11-07,2
392,2,1,1,2013-10-18,1993-09-17,2
1932,2,2,2,2011-03-27,1998-05-20,2
911,1,2,2,2006-06-07,2020-07-17,2
971,2,1,2,2019-04-13,2011-07-11,1
1031,2,2,2,1992-03-13,2009-04-03,2
1421,1,1,1,2021-07-31,2012-08-14,2
871,1,1,2,2009-06-23,2019-08-23,2
19,2,1,2,2016-01-03,2016-03-17,1
1253,1,1,2,1993-08-08,2016-08-31,1
186,2,1,2,2012-04-10,2002-09-20,1
272,1,1,2,2004-01-19,2021-07-06,2
1162,1,1,1,2019-03-05,2011-08-24,1
1219,2,1,1,2000-01-28,2008-02-22,1
666,2,1,1,2015-11-03,1997-11-03,1
459,2,1,1,2006-03-09,1991-10-29,2
1127,1,2,1,1996-02-27,1993-08-03,1
1450,1,2,1,1990-08-02,1998-06-30,2
1618,2,1,1,1997-01-13,2013-01-27,1
1781,1,2,1,2001-10-13,2008-05-26,1
1860,2,2,1,2018-03-25,2001-02-17,1
1149,1,1,1,2015-10-14,1996-06-20,2
1451,1,1,1,2002-07-08,1992-08-07,2
1122,1,2,2,2019-02-17,1999-05-05,1
56,2,2,2,2021-05-18,1997-10-31,2
1365,1,1,1,2008-10-12,2017-07-13,2
1528,2,2,1,2006-07-03,2009-11-05,2
484,1,2,1,2009-08-21,2015-12-04,1
1636,2,1,1,2013-08-02,2008-01-27,1
289,1,2,1,1997-02-06,1997-03-14,1
1878,1,2,2,2016-09-11,1997-07-24,1
1328,1,2,2,2021-06-06,2008-05-03,2
625,2,1,2,2011-04-08,1999-03-11,1
984,1,2,2,2014-03-23,2016-11-22,1
326,1,2,1,1997-08-01,2007-04-22,1
1727,2,2,1,2004-01-01,2016-05-31,1
1321,1,2,1,2015-07-18,2010-10-18,2
648,1,1,2,1996-02-23,2004-05-16,1
355,1,2,1,2012-05-04,1998-03-30,1
1084,2,2,1,1997-03-14,2020-03-09,1
253,1,1,1,2000-09-04,2007-03-18,2
1242,1,2,1,1999-12-11,2021-06-08,2
326,1,2,1,2015-07-05,1990-02-28,2
874,1,2,1,1990-09-03,2002-05-20,1
1643,2,1,1,2013-03-02,2007-07-12,2
1644,2,1,2,2018-12-21,2017-02-02,2
1751,1,1,2,2014-03-23,2018-04-05,2
110,1,2,2,1991-04-14,2001-01-27,1
267,2,2,2,1994-09-17,2008-07-17,1
844,2,1,2,2001-04-12,1991-04-04,2
372,1,1,2,1998-03-17,1997-05-27,1
987,2,2,1,2003-01-25,2009-03-02,2
130,1,1,1,2018-07-06,2013-10-27,1
530,2,2,1,2003-08-01,2003-09-16,2
219,2,1,2,2005-12-27,1996-02-23,2
787,2,2,2,2015-01-05,1996-06-06,1
357,1,2,2,2020-01-24,1993-12-04,1
318,2,2,1,2014-07-09,2000-07-01,1
1925,1,2,2,2005-02-21,2000-07-22,1
376,2,1,1,2012-01-19,2012-01-15,2
1018,1,2,2,1996-08-18,1997-12-09,2
558,2,1,2,1995-01-29,1998-01-20,1
758,1,2,1,2009-12-12,2007-10-03,2
321,2,1,2,1996-07-25,2001-10-23,1
260,2,2,1,2018-11-10,1999-07-30,2
815,1,2,2,1994-07-12,2017-08-09,1
76,2,1,1,2004-07-12,1998-05-17,2
1187,2,2,2,2012-09-19,1992-06-11,1
985,2,2,1,2011-10-11,2021-07-11,1
1899,2,2,1,1998-04-04,1991-05-06,1
1262,1,2,2,2001-12-02,1999-05-29,1
833,1,1,2,2018-05-06,2013-03-02,1
585,1,1,1,2016-09-23,2020-06-17,1
1751,2,1,2,2010-05-31,2003-08-14,2
423,1,2,2,2019-08-02,1992-04-25,1
1136,2,1,1,2013-09-27,2012-06-25,2
1897,2,2,2,1994-03-09,2013-12-19,2
1901,2,1,2,2014-06-20,2003-02-16,1
1022,2,1,2,2014-08-17,2020-03-22,1
739,2,1,2,2017-12-12,2005-05-24,2
130,1,1,2,2000-11-27,2016-04-09,1
831,1,2,1,2013-06-16,2002-06-27,2
464,2,1,1,1997-09-07,1991-07-10,2
1065,1,1,2,2010-08-05,1992-10-15,2
47,1,1,2,1998-04-29,2010-06-06,2
896,2,1,1,2009-05-13,2005-08-02,1
465,1,2,1,1999-08-19,1998-04-11,1
472,1,1,2,2019-03-21,2017-04-19,2
1825,2,1,2,2021-09-29,2004-08-29,1
1508,1,2,1,1999-10-30,2002-01-15,1
1565,1,2,1,1991-04-27,2017-01-20,1
172,2,1,2,2006-02-09,2021-02-05,2
259,2,1,2,2012-09-16,2017-08-18,2
1694,1,1,2,2007-01-16,2002-04-08,2
1121,1,2,2,2007-04-13,1991-03-21,2
1907,2,2,1,2014-09-21,1998-10-20,1
1787,1,2,2,1998-05-03,2015-12-07,1
1527,1,2,2,2001-07-20,1999-04-30,2
1406,2,1,1,2017-01-27,2009-08-15,1
1655,1,2,1,1990-05-09,2002-05-28,2
707,1,1,2,2005-11-05,2015-06-28,2
1823,1,2,1,2016-06-02,1998-01-09,2
1148,2,1,1,2007-06-01,2014-11-13,1
604,2,2,1,2000-02-04,2014-10-22,2
541,2,1,1,1996-09-28,2016-11-25,2
49,2,1,1,2021-09-02,2006-03-04,2
1390,2,2,2,1993-01-27,2012-09-22,1
491,2,1,1,1992-12-10,2018-11-17,2
526,1,2,2,1994-02-24,1994-07-13,2
320,1,1,1,2016-06-23,2001-06-21,2
1211,2,1,2,2009-03-15,1990-04-27,2
1581,2,2,1,2009-09-06,1998-12-24,1
1609,1,2,2,2005-11-30,2003-03-05,1
1351,2,1,1,2002-11-28,2004-06-22,2
1126,2,1,1,2006-01-15,2013-09-22,1
252,1,1,1,2007-12-08,2000-07-24,2
268,1,1,1,2005-10-07,2009-04-14,2
764,1,2,2,2018-03-01,1992-03-08,1
903,1,2,1,1991-12-15,2010-12-20,1
594,1,2,2,1993-05-09,1998-03-25,2
319,1,2,1,1991-08-28,2004-08-15,1
756,2,2,2,1994-04-15,2016-01-08,1
1322,2,1,1,2017-11-28,2013-02-10,2
452,1,1,2,1999-06-14,2012-08-02,1
227,2,1,1,2005-09-27,2009-06-22,1
1143,2,2,2,2014-11-26,1993-07-11,1
1556,1,2,2,2001-10-31,1994-05-12,2
1962,1,2,2,2009-01-31,2008-09-21,2
1548,1,1,1,2002-09-07,1994-05-21,1
1334,2,2,1,2006-12-08,1993-04-05,2
440,1,1,1,2014-03-05,2010-11-14,2
111,2,1,2,2019-09-17,2001-10-08,1
1647,2,1,2,1999-12-25,2016-04-11,1
786,2,1,1,2000-01-23,2006-06-12,1
564,2,1,2,2002-11-18,2015-02-16,2
15,2,1,1,1990-02-22,2007-12-03,2
570,2,1,1,2004-12-24,2015-05-01,2
1456,2,2,2,2008-10-23,2016-03-13,1
432,1,2,2,1999-04-21,2018-09-07,2
1077,2,2,1,2010-02-06,2015-05-03,2
1883,1,1,1,1995-03-02,2006-08-24,2
1655,1,2,2,2012-03-14,2008-09-23,1
1945,1,2,1,2001-02-01,2002-05-14,1
361,1,2,1,2005-12-30,1992-05-02,1
1148,2,2,1,2016-09-02,2000-07-08,2
1570,1,1,1,1998-08-22,1992-02-07,2
613,1,1,2,1996-04-19,1996-08-02,1
1246,2,2,2,2003-01-03,2004-07-09,2
219,2,2,2,1993-07-09,2005-03-26,2
5,2,2,2,2000-07-01,2016-08-05,1
423,2,1,2,2008-10-14,1996-05-24,2
1149,1,2,1,1994-04-12,1996-01-28,2
1462,1,2,1,2012-03-14,1993-12-22,2
1448,1,1,2,2012-04-17,2008-03-27,2
1525,2,2,1,2000-07-31,2006-10-06,1
863,1,1,1,1992-06-08,1997-06-18,2
1582,2,1,1,1991-02-03,1995-09-23,2
1142,2,2,1,1993-05-16,2018-03-14,1
1134,1,1,2,2006-09-15,1999-08-21,1
1622,1,1,1,2018-07-24,1998-08-24,1
508,2,1,2,2006-03-07,2010-12-10,2
1540,1,1,1,2010-09-10,2000-09-09,2
984,2,2,1,1998-06-19,1992-03-23,1
754,1,1,1,2017-11-28,1995-08-03,1
1470,1,1,2,2020-01-03,1994-02-16,1
1302,1,2,2,2000-08-31,2003-01-11,2
1014,1,2,1,2018-05-09,1995-05-20,1
1286,1,2,1,1991-03-10,1991-08-30,2
1232,1,1,1,2011-02-22,2003-09-20,1
721,1,1,1,2016-11-12,2018-05-26,1
1952,1,1,1,2008-02-22,1993-01-30,2
415,1,2,1,2016-10-12,2011-02-12,2
1889,2,1,2,2000-09-17,1993-04-24,2
1657,2,1,1,2017-12-04,1994-03-09,2
492,2,2,1,2009-12-19,2004-09-06,2
891,2,1,1,1990-11-22,2006-06-16,2
622,2,1,2,2014-08-25,1998-01-01,2
1538,1,2,1,1991-04-24,2014-10-28,1
959,1,2,2,1997-12-09,1995-03-16,1
1403,1,1,1,1996-12-07,2020-02-16,1
927,1,2,2,2020-04-23,2013-11-18,1
144,2,1,2,1993-12-17,2003-09-13,2
1111,2,2,2,1998-08-22,2015-04-30,1
1624,2,2,2,2011-06-06,1992-08-28,1
348,1,2,1,2018-10-11,1995-02-05,1
347,2,1,1,2003-10-07,2003-01-26,2
1388,2,2,1,1997-12-16,1997-08-23,2
1228,2,2,2,2014-10-30,2012-06-02,1
345,1,2,2,2007-05-18,2008-12-05,2
467,2,1,2,2013-12-24,2005-09-08,1
1353,2,2,2,1994-08-15,2002-09-28,2
216,1,2,1,2009-04-27,2005-02-03,1
1029,1,1,2,1991-01-26,2005-08-25,2
645,1,2,2,1994-05-21,1990-03-08,2
1785,2,1,1,2020-08-28,2009-05-16,2
1336,1,1,2,2000-09-24,1992-02-06,2
726,1,2,2,2019-08-28,2014-02-12,2
1821,1,2,2,2009-07-19,1994-09-14,1
276,1,1,2,2016-08-27,1992-07-22,1
606,1,2,2,1997-07-01,1999-05-31,1
1624,2,1,1,1999-06-20,2010-11-03,1
956,2,2,2,2003-10-07,1996-12-28,2
80,1,2,2,2020-12-16,1990-03-15,2
587,2,2,2,1999-12-08,2003-03-23,2
768,2,1,2,2018-04-08,2019-06-20,1
355,1,2,1,2010-10-05,1997-06-09,1
1194,1,2,2,2003-05-10,2013-07-06,1
1052,2,1,1,2018-08-17,1991-01-25,2
718,1,2,1,1992-04-08,2019-01-12,2
1348,1,2,1,2011-12-31,1990-01-21,2
748,2,1,2,2012-02-01,2000-04-04,2
1304,1,2,2,1994-02-07,2007-01-07,2
637,2,2,1,2002-12-03,1998-03-19,1
1219,2,1,1,2007-02-14,2021-01-27,2
343,2,2,2,1999-04-10,2011-07-02,1
654,1,1,1,1992-03-13,2018-12-14,2
1615,2,2,1,1996-07-18,2021-09-21,1
651,1,1,2,2015-07-04,1992-05-04,2
1180,1,2,1,1999-04-20,1996-09-12,2
557,2,1,1,2014-05-14,2020-04-21,2
1433,2,2,2,1994-08-29,1991-11-23,1
560,2,2,1,1993-09-19,1990-07-17,2
93,2,2,2,1995-12-20,2015-06-19,1
1481,2,1,1,1993-06-30,1999-09-12,2
1167,1,1,2,2002-02-04,1995-12-01,2
993,1,2,1,2017-08-07,2006-08-03,1
1028,1,1,2,2001-03-19,2005-01-04,2
1455,1,2,2,2001-04-15,2022-01-07,1
705,1,2,1,1998-07-01,2000-03-08,2
1776,2,1,1,2004-05-26,2000-11-15,2
436,2,2,2,2019-02-26,2015-05-31,2
1636,1,1,1,2008-11-17,1992-09-10,2
784,1,1,1,1990-07-08,1992-08-05,2
1302,2,2,1,2020-10-23,2012-03-14,2
993,2,1,1,2014-12-22,2021-12-14,2
103,1,1,2,1998-12-11,1992-10-20,1
838,1,1,2,1997-01-28,1991-10-05,1
887,1,2,2,1990-03-22,2010-10-14,2
1425,1,2,1,1997-09-20,2000-12-05,1
1743,2,1,2,1991-02-02,2014-12-08,2
1483,2,2,2,1990-04-14,2001-12-09,1
1536,2,2,1,1991-07-26,1991-03-02,1
1536,1,2,2,2020-11-20,2016-04-21,1
1490,2,2,1,2019-09-16,1991-11-23,1
273,1,2,2,1991-06-11,2010-07-11,2
628,2,1,2,2000-05-08,2019-06-27,2
925,1,1,2,1995-07-30,1990-10-19,1
1791,1,1,1,2021-01-16,2002-07-07,2
1164,1,1,1,1998-06-26,1998-09-27,1
602,1,1,1,2014-06-21,1992-04-22,2
555,1,2,1,2009-10-17,2010-08-05,2
1268,2,1,2,2010-03-05,1995-02-10,2
68,1,2,2,1991-10-18,2017-07-26,1
1560,1,2,2,1991-09-26,2021-02-27,1
610,2,1,1,2008-10-01,2009-08-20,1
238,1,1,2,1998-01-13,1999-01-02,2
108,2,2,1,2002-06-10,2015-02-08,1
403,1,1,1,1990-05-06,2016-03-04,2
1013,1,1,1,2015-07-01,2006-11-16,2
1532,1,1,1,2010-06-11,1993-03-24,2
996,2,2,1,2007-04-20,2004-09-30,2
1085,1,1,2,2017-12-30,2002-11-04,1
1710,1,1,1,2016-07-07,1993-08-01,2
65,2,1,1,1991-01-14,2006-07-26,1
681,1,2,1,2006-06-15,1990-09-13,1
969,2,1,1,2005-04-09,2007-11-21,1
1284,2,2,1,1998-01-27,2014-02-25,1
1180,2,2,1,2021-05-05,2002-10-31,1
675,1,1,2,2007-11-07,2011-09-09,1
1096,1,2,2,2003-09-08,2017-07-15,2
1945,2,2,1,1995-05-31,2001-12-03,2
710,1,1,2,2011-07-05,2002-01-21,1
1754,2,1,1,1995-09-26,2018-05-10,2
464,1,2,1,1994-02-13,2003-12-28,1
1944,1,1,2,2011-02-14,1997-03-06,2
682,2,1,1,2017-01-29,1994-09-22,1
1340,2,2,1,1998-05-02,2020-01-05,2
14,2,2,1,2016-12-27,1993-07-28,2
1490,1,1,2,2000-04-05,2015-12-26,1
1891,1,2,1,2012-12-07,2007-08-30,1
1989,2,2,2,2018-01-25,1991-04-17,2
1281,2,2,1,1996-02-23,2020-08-28,1
444,2,1,1,2016-12-28,2007-04-04,2
1395,1,2,2,1999-02-22,2004-04-18,1
928,2,2,1,2021-08-12,1996-08-30,1
1498,1,1,1,2002-12-19,2022-01-22,2
1224,1,1,2,2005-06-23,2008-07-18,1
1650,1,1,1,2009-07-09,1997-06-06,2
944,1,1,1,2021-11-01,2005-06-28,1
1418,1,2,1,2010-11-22,1994-10-25,1
1491,2,2,1,2007-04-09,1999-08-04,2
166,2,1,1,2020-08-01,2004-01-03,1
1773,2,2,1,2017-07-25,2018-11-13,2
1143,2,2,1,2008-04-12,2009-11-24,2
446,1,2,1,2019-11-19,2016-02-25,2
1073,1,1,1,2006-04-30,2002-03-23,1
1641,1,1,1,2010-08-10,2010-03-11,1
849,2,2,2,1999-09-11,2018-06-27,2
750,2,2,2,2002-06-30,2006-08-13,1
781,1,1,2,2010-12-05,2020-11-09,2
1535,2,1,2,1993-04-22,2017-02-19,1
1279,1,2,2,2004-11-09,2009-11-10,1
935,2,1,1,1993-06-24,2001-10-09,1
845,2,2,2,2006-06-26,2011-10-01,2
1741,1,2,1,2009-11-16,1992-11-21,2
1330,2,1,1,2009-09-25,1995-09-25,1
258,2,2,2,2007-12-01,1996-04-17,1
355,2,1,1,2013-06-30,2019-01-07,2
352,2,2,2,2019-08-30,2011-02-07,1
1216,1,2,1,2014-08-13,2005-04-01,2
377,2,2,1,1999-12-19,1994-05-10,2
1763,1,2,2,2007-04-23,2004-11-16,2
1410,1,1,2,1991-06-03,1991-10-29,2
1013,2,2,1,2004-05-30,2005-02-28,1
1380,2,1,2,2019-08-12,2020-03-13,2
1039,2,2,2,1991-01-06,2012-05-18,2
1197,1,2,1,2004-02-02,1995-02-27,1
1116,2,1,2,2018-04-05,2016-10-08,2
245,2,1,2,2012-05-10,1997-04-28,2
582,2,2,1,2010-01-22,2020-11-06,1
27,2,2,2,1995-04-05,2001-06-11,1
114,2,2,1,2000-06-03,2005-02-24,2
433,1,1,1,2003-08-28,2011-01-20,1
1906,1,1,2,2016-01-25,2019-07-06,1
1816,1,2,2,2009-06-02,2005-04-16,1
1265,1,2,1,2016-03-13,2010-11-12,2
22,1,1,1,1998-05-11,2021-01-17,1
184,1,2,1,2012-03-27,2007-06-05,1
1541,2,2,1,2007-05-24,2006-08-30,1
980,2,1,2,2013-03-01,1994-04-24,1
1507,2,1,1,2002-11-17,1998-07-20,1
1679,1,1,2,1995-06-17,1990-06-23,1
169,1,1,2,1992-05-15,2019-11-11,2
282,1,2,1,2018-11-08,2006-02-25,2
1864,2,2,2,2013-03-28,2018-01-21,2
1843,2,2,2,2019-01-22,2003-10-15,1
904,2,1,2,1991-12-12,2006-05-26,1
1934,1,1,1,2017-07-09,2017-05-12,1
712,1,2,2,2021-06-29,2005-08-31,1
1746,2,1,1,2003-05-21,1997-03-07,1
635,1,2,2,2008-12-24,2006-11-22,1
57,1,2,1,2015-06-20,2001-05-06,2
1218,2,2,1,2021-06-07,2010-11-02,1
883,1,2,1,2006-09-15,2006-05-25,1
1244,1,2,2,1995-02-12,2013-01-13,1
1721,2,1,1,2005-10-31,1994-09-26,2
1078,1,2,1,2002-12-15,1993-10-25,2
1419,2,1,2,1996-05-14,2011-08-29,2
360,1,2,1,2006-11-07,2001-02-11,2
1267,1,1,2,2006-09-19,2009-10-28,1
1929,1,1,2,1999-11-14,1994-09-27,2
660,2,2,1,2009-09-03,1992-12-21,1
1893,1,1,2,1999-06-26,1990-01-03,2
345,2,1,1,2014-10-03,2010-10-01,1
1807,1,2,2,1993-06-17,2017-02-22,2
1938,2,2,1,2016-06-09,1998-03-01,1
1971,2,1,1,2005-03-03,1999-10-25,2
1384,2,2,1,1994-01-15,1995-11-24,1
1223,1,1,2,2017-11-04,2019-07-19,1
480,1,2,2,2017-08-21,2011-01-08,1
591,2,1,2,2000-08-29,2006-02-14,2
676,2,2,2,2004-08-22,2011-12-01,2
1743,1,1,2,1991-06-07,2004-08-31,2
1647,2,2,2,2001-01-11,1994-03-24,2
355,1,1,2,1992-09-25,1993-01-24,2
549,2,1,2,1999-09-29,1993-01-25,1
1369,2,2,2,2014-10-29,1995-04-01,1
435,2,1,2,2012-03-22,2021-11-22,1
1826,1,1,1,2019-10-07,2012-05-23,1
590,1,2,1,2001-07-23,1991-05-08,2
1733,2,2,2,2004-02-12,1990-09-03,2
800,1,2,2,1992-03-20,1996-03-18,2
1342,1,1,2,2003-05-03,1990-12-09,1
223,2,1,1,2010-03-26,2009-11-08,2
1238,2,2,2,1991-02-27,1998-11-07,1
903,1,1,1,1998-07-04,2018-11-01,1
44,2,2,1,2001-05-29,2019-10-03,2
1811,1,2,2,2008-12-12,1998-07-17,2
981,1,1,2,2005-08-31,1991-11-30,2
1005,2,2,2,2010-10-07,2014-09-26,2
875,2,2,2,1996-03-03,2007-06-28,1
1631,2,2,2,1997-11-16,1999-12-20,1
1461,1,1,2,2012-05-02,1997-06-25,2
450,1,1,2,2004-10-29,2020-01-01,1
570,1,1,1,2005-02-12,2015-01-26,2
1618,2,2,2,2010-08-19,2010-05-25,2
738,1,2,2,2016-04-28,2008-05-29,1
1297,1,2,1,2017-03-12,1998-11-13,2
1220,1,2,2,1998-04-25,1991-09-30,2
1644,1,1,1,2001-01-09,1996-07-30,1
1855,1,1,1,2011-01-11,1994-02-25,2
1233,1,2,2,2012-06-06,2014-09-20,1
898,2,2,1,1994-02-27,2015-05-31,2
1522,2,2,2,2009-10-05,2012-06-24,2
1825,2,1,1,1993-10-28,2002-02-15,1
750,1,1,2,2014-12-26,1997-06-04,1
1714,2,1,2,2013-07-01,2014-06-28,1
710,2,2,1,2021-04-02,2008-09-16,1
1979,2,2,2,2016-03-26,2001-09-11,2
254,2,2,2,2013-11-17,2020-03-16,2
336,1,1,1,2018-05-24,2000-08-27,2
1699,2,2,2,2008-10-26,1993-09-26,1
43,2,1,1,1998-03-03,2011-03-13,1
1114,2,1,2,1993-08-31,2006-01-21,1
1166,1,2,1,1992-04-21,2010-04-08,2
170,1,1,1,2008-09-25,2019-11-10,2
1443,1,1,2,1991-08-25,1994-02-10,2
1932,2,2,2,2008-04-12,2016-06-03,1
478,1,2,2,1993-02-27,2015-08-06,1
1789,1,1,2,2006-05-06,2001-01-30,1
1168,2,1,2,1995-03-08,1997-03-16,2
1959,2,2,1,2019-09-15,1996-08-16,2
1781,2,1,2,2020-01-20,2006-10-25,2
218,2,1,2,1994-06-23,2020-08-04,1
808,1,2,1,2005-07-31,2007-04-13,1
1336,2,2,1,2020-09-28,2021-12-25,1
1626,1,2,2,1990-12-31,1992-03-05,1
1048,2,1,2,2003-07-30,2010-04-21,2
1938,2,2,1,1998-11-19,2004-03-16,1
436,2,1,2,2001-11-13,2004-04-15,1
1625,1,1,1,2013-06-09,2004-07-24,1
4,1,1,1,1997-02-07,1998-10-16,1
1251,1,1,2,2006-03-15,2017-12-19,2
1002,1,1,2,2015-10-12,1998-12-08,1
225,1,2,2,2005-02-14,2001-10-18,1
1547,2,1,1,2011-02-20,1999-12-25,2
263,1,1,1,1995-11-30,2019-05-29,1
1358,1,1,1,2019-03-18,2014-11-22,1
842,2,2,2,2010-11-05,2000-12-03,1
540,2,2,2,1995-01-08,1999-08-15,2
1498,2,1,1,2016-09-08,2002-07-05,2
1181,1,2,1,1991-12-14,2015-10-26,1
1377,1,2,1,2016-12-07,2020-02-12,1
138,2,1,2,1994-12-17,2006-09-25,2
1481,1,1,2,2009-07-28,2009-04-24,2
861,1,1,2,2020-06-19,1991-02-25,2
15,1,2,1,2017-07-01,1999-02-22,2
497,2,1,1,2021-03-22,1992-11-11,2
780,2,2,2,2014-10-26,2018-04-19,2
4,1,2,1,2019-11-21,1997-06-20,1
772,1,2,2,2019-08-30,2009-01-30,2
580,2,1,1,1999-03-29,1997-07-30,1
1539,1,1,1,2015-09-17,1991-03-04,1
536,1,2,1,2007-10-29,1993-07-31,2
1555,2,1,1,2015-12-13,2018-02-18,2
1895,1,1,1,1998-08-10,1999-11-06,2
1262,1,1,2,2006-12-01,2011-07-27,2
910,2,2,1,1991-08-25,1997-05-08,1
618,1,2,1,2010-08-01,1992-11-07,2
1667,1,1,1,2017-02-02,2003-02-15,2
1282,2,1,1,1998-04-02,2017-03-14,2
257,2,1,1,2002-08-04,2017-02-09,1
1288,1,1,2,1991-08-20,2001-09-22,1
226,1,1,2,2000-04-07,1991-11-12,1
1916,2,1,2,1991-03-15,2012-02-16,2
802,2,1,2,1993-05-17,1995-03-21,2
1228,2,1,2,2012-02-10,2001-10-22,1
1878,1,1,1,1993-07-15,2000-09-07,2
85,1,2,2,2021-09-17,1995-08-16,2
757,1,2,1,2016-10-07,2001-08-21,2
1366,2,2,1,2004-06-29,2010-12-23,2
309,2,2,2,2011-06-13,2021-10-01,2
68,1,1,2,2019-07-26,2009-09-14,1
1911,2,2,2,2009-03-03,2007-08-11,2
1894,1,1,2,2018-01-04,2009-08-16,2
1606,2,1,2,2006-07-10,2015-08-07,1
249,2,2,1,2007-04-11,2000-02-26,1
852,2,1,1,2009-12-16,2018-01-15,1
977,2,1,1,2019-03-22,1990-12-19,2
1531,2,1,1,2018-02-18,2018-04-04,2
466,2,1,1,2018-08-20,2013-05-25,2
1840,1,2,1,2014-09-24,2017-12-31,1
547,1,2,2,2014-10-07,1991-06-18,1
523,2,1,1,2007-05-11,2001-04-20,1
675,1,2,1,2011-01-13,2014-03-19,2
49,1,2,2,2008-06-19,2012-07-18,1
279,1,2,2,1998-05-07,2008-06-30,1
1020,2,1,2,2007-12-29,2004-06-30,2
126,2,2,2,2011-05-24,2008-01-11,2
1038,2,2,1,1990-05-17,2021-10-13,1
778,2,1,2,1997-01-03,1994-07-30,2
63,1,2,2,1993-11-15,2019-03-25,2
1780,1,1,1,1995-06-01,2012-06-25,2
942,1,1,1,2013-10-27,2007-05-08,2
1222,2,1,1,1990-02-20,2007-11-25,1
776,2,1,1,2007-11-04,1990-11-16,1
1856,1,2,1,1998-04-15,2020-01-08,2
1246,1,1,2,1997-07-02,2011-04-10,1
968,2,1,2,1997-09-04,2004-03-11,2
1306,1,1,1,2008-10-08,1999-07-29,1
1960,1,2,1,2005-10-19,2000-12-16,2
1483,1,2,1,1990-02-20,2021-08-14,1
716,1,2,1,1992-09-16,2011-07-17,2
485,1,1,1,2021-04-17,2021-11-14,2
1843,1,2,2,2020-10-08,1995-04-26,2
1744,2,1,1,2008-01-08,1995-12-18,1
455,1,2,1,1998-09-23,2014-06-20,2
1943,1,2,1,1991-01-07,1992-02-07,1
1488,1,2,2,2014-10-11,1993-11-13,2
1907,1,2,1,2016-04-20,2005-04-10,2
789,2,1,1,2018-07-06,2008-07-04,1
1996,1,1,2,1995-09-14,2018-03-29,1
842,2,1,1,1997-07-01,1992-10-28,1
977,1,2,1,1994-04-18,1990-03-17,2
1298,2,1,2,2004-06-02,2011-03-09,2
1532,1,1,2,2007-09-25,2007-11-26,2
189,2,2,1,2005-09-27,1997-02-24,1
650,2,2,2,2004-04-25,2001-10-22,1
62,2,2,1,2019-05-06,2020-12-20,1
1638,2,1,2,2009-05-23,2001-12-04,1
600,1,2,2,1996-01-22,2012-06-07,2
14,2,2,1,2003-06-06,2002-06-30,1
280,2,1,2,2008-12-28,2006-12-02,1
387,2,1,1,2014-03-01,1998-10-18,2
1276,1,1,2,1991-01-03,1999-08-19,1
1882,2,1,1,2021-07-21,2013-07-11,2
1991,1,1,2,2021-07-28,2002-01-14,2
1416,1,1,2,2001-10-26,1999-05-07,2
1064,2,1,2,2005-09-30,1999-06-16,2
1631,1,1,2,2007-10-19,1994-02-11,1
1861,1,1,2,2014-09-17,2002-03-13,2
359,2,1,1,2017-02-26,2017-11-13,1
1756,2,1,1,1993-05-29,2018-09-30,2
1432,1,1,1,2010-05-12,1997-10-15,2
1951,1,1,1,2006-01-22,1995-06-06,2
459,1,2,1,2006-09-25,2007-09-16,1
1963,2,1,2,1991-05-30,1997-03-20,2
1918,2,1,2,1997-02-28,2015-02-28,1
582,2,2,1,1999-02-28,1997-06-18,1
1568,1,1,1,2013-02-15,1990-11-29,2
1810,2,1,1,2020-01-25,2014-12-03,1
1312,1,1,2,1998-05-13,2013-08-12,2
1042,2,2,1,2011-10-08,1995-01-17,1
1007,2,1,1,2005-09-10,1994-07-17,2
1022,2,2,1,2015-08-27,2003-03-21,1
1336,1,2,1,2007-07-25,1992-11-12,2
791,2,2,1,1998-06-09,1996-01-22,2
1656,2,1,1,2012-01-29,2004-03-21,2
1919,2,1,1,2016-09-16,1995-03-17,2
335,2,1,1,2020-07-21,1999-02-23,1
365,1,1,2,2014-03-13,2014-05-21,2
1280,2,2,2,2014-10-27,2001-08-16,2
66,1,1,2,2007-02-02,2017-03-25,1
67,1,1,1,1996-06-05,2011-07-08,1
613,2,2,2,1999-05-28,1998-06-29,2
1889,1,1,2,2000-11-26,1992-05-15,2
461,1,2,1,1995-05-23,2002-03-07,2
982,1,1,2,2012-02-25,2016-01-20,2
78,1,2,1,1995-08-27,1992-11-27,1
1048,1,2,2,2017-06-27,2003-11-02,1
1356,2,1,1,2018-04-04,1990-01-29,1
914,1,1,1,2005-07-01,1997-12-12,2
1199,1,1,2,2019-09-09,2007-09-22,2
38,1,2,2,1994-05-20,1992-07-28,2
1374,1,2,1,2000-12-05,2014-08-24,2
1024,1,1,2,2019-10-24,2015-05-07,1
1682,2,2,2,2006-07-12,2003-09-03,2
1278,2,1,1,1991-08-30,2004-04-23,2
1815,1,1,2,2021-09-27,2012-12-24,2
452,2,2,1,2013-06-05,2006-10-09,1
1653,2,2,1,2010-03-21,1996-12-19,1
1690,1,2,2,1995-01-27,2000-01-28,1
880,1,2,1,1992-05-24,2009-12-06,2
1609,2,1,1,2007-06-06,1992-01-21,1
168,2,1,2,1999-05-04,1995-06-11,1
173,1,2,1,2000-01-07,1998-05-19,2
1304,2,1,1,1990-11-15,2018-06-17,2
1208,1,2,2,2020-07-14,2010-09-14,1
1675,2,2,2,2004-02-18,2020-05-24,2
1866,1,1,1,2001-03-27,2018-10-05,1
837,1,1,1,2003-05-04,2004-06-24,1
814,2,1,2,1991-09-10,2017-03-10,1
1677,2,2,2,2011-10-16,2008-07-01,2
86,1,2,1,1998-04-13,1992-11-23,1
593,2,1,2,2021-12-15,1991-10-08,1
1335,2,1,2,2016-05-03,2008-02-17,2
687,1,1,2,2006-05-15,2003-07-01,1
1690,1,1,2,2004-04-24,1994-07-15,1
86,2,1,2,1996-05-31,2019-08-04,1
174,2,2,1,2004-07-29,2000-07-09,1
1110,1,2,1,1991-06-09,1999-05-28,1
315,2,2,2,1994-03-04,2004-02-01,2
6,1,2,2,1995-12-27,2005-04-02,1
303,2,1,2,2010-03-15,2013-07-16,1
1378,2,2,1,1997-05-28,1995-04-24,2
334,2,1,2,2021-08-20,2020-11-24,2
326,1,2,1,2003-02-02,2007-02-23,2
301,1,2,2,2014-06-08,1994-04-01,1
491,1,1,2,1991-01-28,1993-01-13,2
1233,1,1,2,1998-11-21,2002-08-31,1
531,1,2,1,2000-01-23,2009-08-13,1
116,2,2,1,2004-02-23,1992-10-26,2
47,2,2,2,2003-03-07,2014-02-23,2
388,2,1,1,1995-02-11,1990-06-22,1
1301,2,2,1,2005-05-27,2004-05-29,2
751,1,1,1,2017-01-28,1993-07-27,2
644,2,2,1,1999-05-30,2011-08-23,2
1099,2,1,2,1996-01-30,2019-12-16,2
916,1,2,2,2005-04-11,2020-02-03,1
1289,1,2,2,1996-05-15,2006-09-20,1
632,2,1,1,2019-02-24,2010-07-30,1
1632,1,2,2,2011-09-15,2018-05-17,2
855,2,1,2,2018-06-14,2016-05-03,2
1905,1,1,1,1992-09-09,2006-09-12,2
983,1,1,1,2016-12-06,2006-01-06,1
1276,2,1,2,1997-02-09,1998-03-09,2
1399,2,2,2,2013-05-06,2001-12-08,1
1749,1,2,1,2016-05-03,2005-10-28,1
1838,2,1,1,2018-10-26,2015-06-27,2
1034,2,1,1,2017-04-16,2010-01-13,1
837,2,1,1,1992-01-17,2020-12-27,1
623,2,1,1,2018-12-21,2008-04-20,2
1188,2,1,1,1995-09-23,1999-09-06,1
1070,1,2,2,2005-11-18,2015-02-27,2
264,2,1,2,2020-09-11,2004-12-20,1
305,2,2,1,2017-11-06,2005-01-07,1
1078,1,1,2,1994-11-09,2015-01-02,1
729,2,1,1,2013-11-19,2020-07-08,2
1318,1,1,2,1999-04-04,2019-08-10,1
1154,2,2,1,1996-08-19,1999-07-04,2
1874,1,2,2,2011-05-12,1997-10-20,1
1392,2,1,1,2013-03-23,2016-09-05,1
1607,1,1,1,1995-05-15,2016-05-25,1
191,2,1,1,1997-02-03,2005-11-25,1
931,2,1,1,1995-09-29,1999-11-18,2
443,2,2,2,2019-12-09,2015-12-13,2
916,1,1,1,1999-03-24,2004-05-10,2
959,1,2,2,2015-10-05,1997-05-22,2
1418,2,2,2,1996-04-19,1998-06-20,2
1734,1,2,2,2008-05-21,2005-11-24,2
1080,1,1,1,2019-04-15,2010-08-16,1
1642,1,1,1,2010-05-24,2021-02-22,2
552,1,2,1,2020-12-11,2007-09-24,2
378,1,1,1,2009-07-28,1992-09-23,1
395,1,2,2,2020-10-17,2014-06-10,2
910,1,2,1,2007-06-16,2001-05-21,1
18,1,1,1,2003-05-23,2012-10-06,2
1030,1,2,1,1992-12-29,2012-08-16,2
1363,1,1,2,2014-04-29,2017-11-29,2
1021,1,2,2,2014-02-12,1995-02-15,1
1062,2,2,1,2010-09-07,2007-01-19,2
1671,1,1,2,2020-12-16,1990-01-08,1
519,2,2,2,1995-12-10,1994-05-12,2
72,1,2,2,2011-03-02,2007-01-11,2
464,1,1,2,2010-10-26,2004-07-03,2
877,2,1,2,1999-03-22,2019-02-03,2
844,1,2,2,2002-12-23,2018-01-05,1
75,1,1,2,2001-04-18,2021-09-13,2
1132,1,2,1,2003-03-16,2002-03-30,1
1272,1,1,2,1993-07-07,1997-06-07,1
1761,1,2,1,1994-12-21,1995-01-14,1
1220,1,1,2,2020-09-15,2018-07-17,2
1762,2,2,1,2008-07-09,2015-09-17,1
999,2,2,1,2003-10-05,2001-07-13,2
1541,1,1,2,1992-09-12,1997-05-20,2
431,2,1,2,2010-06-28,2021-01-21,2
1604,1,1,2,2013-08-31,2009-12-19,1
730,2,2,1,2011-04-12,2008-10-26,1
66,2,1,2,2003-09-18,1997-01-12,1
1767,1,1,2,1990-03-04,2004-09-20,1
1946,2,1,1,2019-11-02,2018-04-09,1
737,1,2,1,2000-07-24,1996-01-17,1
1494,2,1,2,1993-02-01,2001-12-24,2
845,2,1,1,1995-07-28,1997-09-19,1
1037,1,1,2,1995-03-02,1991-01-26,2
1351,2,1,2,2002-11-18,1994-08-01,1
900,1,2,2,2015-01-22,2004-03-10,2
940,2,1,1,2000-03-09,2022-01-24,1
124,1,2,1,2000-01-11,2006-11-11,2
1293,1,1,1,2013-12-18,2019-03-12,2
919,1,1,1,1995-03-26,2008-10-08,2
25,2,2,2,2014-12-18,1993-03-01,1
1446,2,2,1,2015-12-08,2004-10-21,2
322,1,1,1,2020-08-06,1993-05-31,2
261,2,2,1,2016-11-21,1990-04-04,1
1062,1,2,2,2018-03-11,1995-01-03,2
1943,2,1,2,2003-07-12,1996-08-30,1
1817,1,2,1,2017-01-02,2013-09-11,2
1194,1,2,2,1999-06-03,2016-06-18,2
1943,1,1,1,2012-10-20,1999-11-22,2
62,1,1,1,2018-01-11,1996-12-31,1
1249,2,1,1,1999-09-27,2004-10-13,1
777,1,2,1,2009-09-07,2000-07-23,1
1357,1,1,2,1994-12-04,1997-07-31,1
1238,1,2,2,1990-10-25,2008-06-13,1
1825,1,2,1,2017-07-20,2011-04-02,1
338,1,2,1,2003-10-19,1991-12-04,2
1480,2,1,1,2001-12-14,2007-07-05,2
997,2,1,2,2015-12-03,1997-01-31,2
1063,2,1,2,2007-01-17,1998-01-29,1
1170,2,2,2,2005-11-17,2019-12-18,2
917,2,1,2,1998-12-10,2009-10-08,1
237,1,2,1,1990-05-21,2008-12-07,2
1551,1,2,2,2006-12-28,2015-10-14,1
1073,2,1,2,2019-07-13,1997-08-04,1
54,2,1,2,2019-04-26,2004-01-23,1
1920,2,2,1,2014-06-03,2015-07-04,1
664,2,2,2,2002-11-23,2010-12-11,2
56,2,1,1,2003-01-24,2020-07-22,1
1621,1,2,1,1995-12-15,2006-08-04,1
1620,1,1,1,2018-10-23,2020-01-30,1
547,2,2,1,2011-10-14,2000-04-12,2
1640,2,2,2,2007-10-12,2004-09-12,1
563,2,1,2,2004-12-23,2001-04-22,2
412,1,2,1,2001-10-19,2003-05-16,1
1481,1,2,2,2016-06-21,2022-01-04,1
250,2,2,1,1993-07-27,2005-01-04,1
1030,2,1,2,2017-04-01,2009-02-03,2
12,1,2,1,1996-08-25,2010-05-11,2
1206,1,1,1,2008-08-06,2014-11-07,1
1038,1,2,2,2017-02-23,2008-02-08,2
552,2,1,2,2014-04-01,1997-05-23,1
335,2,1,1,2003-08-26,2016-11-19,1
1563,1,1,1,1992-08-25,2017-08-22,1
1535,1,2,1,2009-06-19,1999-12-24,2
1147,1,2,1,2018-04-12,1990-01-21,1
1973,1,2,1,2014-07-30,2011-03-11,1
695,2,2,1,2014-11-22,2008-12-26,1
1492,1,2,2,2000-04-02,2016-01-28,1
1090,2,1,2,2000-06-22,2018-04-26,1
1604,1,2,1,2005-06-03,2011-08-22,2
274,1,1,2,1990-01-01,2012-09-09,2
915,2,2,2,1997-09-08,1993-01-12,1
744,1,2,2,2014-11-06,2007-10-04,2
1785,1,2,1,2014-10-27,2021-05-26,2
1653,2,1,1,2016-12-07,2008-08-12,2
923,2,2,2,1993-02-26,2018-02-01,2
1916,2,1,1,2014-10-22,2019-05-01,2
1413,1,1,1,2013-02-21,1993-06-10,1
1737,1,2,2,2005-09-06,2010-11-11,2
1922,2,1,2,1999-08-12,2008-03-04,1
271,2,2,2,2010-08-18,2013-07-02,2
1010,1,2,1,2016-02-02,1999-05-02,2
29,2,2,1,1990-05-02,2016-02-07,2
1973,2,1,1,1990-05-31,2014-02-07,1
1850,1,1,2,1998-04-26,1994-10-15,2
1266,2,2,2,1995-04-18,1995-01-09,1
1501,2,1,1,2014-03-07,2009-12-26,1
1450,2,2,2,1997-05-12,2000-04-30,2
682,1,1,2,1995-09-20,2007-03-30,2
1904,2,1,1,2009-11-29,2017-04-11,1
1709,1,1,1,2020-11-10,2005-08-25,2
1156,1,1,1,1996-02-23,1999-11-12,1
1068,1,2,1,2006-02-15,2000-04-17,1
1686,2,2,1,1993-02-18,2005-11-04,2
1684,1,2,2,1993-04-16,1995-12-20,1
1703,1,2,1,2011-05-22,2005-04-12,1
1896,1,2,1,2015-08-17,2003-07-15,1
838,2,2,2,2016-02-08,1997-11-19,2
408,2,2,1,1993-02-26,1996-11-22,1
1188,1,1,1,2000-04-24,1997-12-31,1
1865,1,1,2,2002-12-11,2007-12-27,2
503,1,1,1,1990-12-28,2019-12-26,1
149,2,2,2,2005-11-19,1999-03-08,2
1447,1,1,1,2019-07-20,2018-11-25,1
649,1,2,2,1992-05-27,1997-08-26,2
1155,2,1,2,2013-08-22,1990-07-08,1
230,1,1,1,2000-10-22,2000-07-10,1
24,2,2,1,1999-05-02,1999-01-08,2
1080,1,2,1,1994-06-06,2019-04-15,2
1160,2,1,1,1998-08-19,2000-06-10,2
1604,1,1,2,2008-06-20,1996-05-13,1
1710,1,2,1,1995-10-04,1997-07-08,2
1209,1,1,1,1999-02-24,1999-02-14,2
1590,2,1,1,1994-06-17,2007-05-09,2
395,1,1,2,2013-10-04,2005-07-30,1
340,1,2,2,2008-02-25,2018-12-01,2
832,2,1,1,2014-09-01,2005-10-03,2
325,1,2,1,2017-01-25,1998-12-27,2
1738,1,2,1,2006-07-13,2019-06-27,1
409,2,2,2,2008-05-25,2018-10-08,2
1888,1,2,1,2016-01-04,2002-09-11,1
381,1,2,1,1998-11-02,2002-02-18,1
901,1,1,2,2004-11-09,2016-07-21,1
915,1,1,2,1996-11-19,2012-01-26,1
191,2,1,2,1991-09-07,2010-10-12,1
1348,1,1,1,2013-08-30,2018-01-02,1
1895,1,2,2,1998-05-05,1991-09-25,1
1399,1,2,2,2001-02-27,2002-01-06,1
1303,1,1,1,1994-08-15,2015-01-01,2
679,1,1,2,2005-09-14,2009-05-22,1
1073,1,1,2,1993-12-20,2010-02-04,2
1644,1,1,2,2016-07-27,2002-11-22,2
634,1,2,1,2021-05-24,1999-07-22,1
928,1,2,2,2021-04-26,2018-12-28,1
1841,1,2,1,2018-11-23,2010-03-16,1
1080,2,2,2,2004-06-19,2019-05-08,1
1759,2,2,1,2002-05-27,1995-02-05,2
1738,1,2,2,1997-06-29,1995-02-17,1
847,2,2,1,2011-02-18,2016-08-04,2
333,1,2,1,2010-10-11,2018-10-01,1
94,2,1,2,2017-02-20,2021-03-14,1
1658,2,1,1,2007-01-20,2017-02-01,1
286,1,2,2,2010-07-03,2005-04-13,1
1199,1,2,1,2016-04-03,2013-10-07,2
1892,1,2,1,2010-05-02,1990-05-17,2
1546,1,2,1,2016-05-29,2000-03-20,1
994,2,1,1,2001-12-15,1991-02-07,1
1905,1,2,2,1995-04-30,1990-08-03,2
113,2,1,2,1990-11-20,2011-11-25,2
1104,2,2,2,2014-07-01,1997-03-13,1
1847,2,1,1,2007-08-15,2007-09-27,1
665,2,2,1,2014-11-13,1993-07-13,1
1960,1,1,2,1995-02-14,2000-06-16,2
723,2,1,2,1990-11-06,1990-12-17,2
951,2,2,2,2019-08-23,2017-07-08,2
422,2,2,1,1992-03-23,1992-01-30,2
1652,2,2,2,2020-05-24,2018-08-01,2
1261,1,2,2,2018-06-14,1993-11-13,1
1270,2,1,1,2001-10-13,1991-07-17,2
1807,2,1,1,2001-08-12,2008-09-29,1
1304,2,2,2,1993-12-11,2014-07-25,2
1410,2,2,2,2014-01-24,2018-03-26,1
1987,2,2,1,2016-06-08,2011-01-27,1
328,2,1,1,2017-04-28,2020-09-11,1
604,2,1,2,2002-10-01,1998-03-06,1
974,2,2,1,2020-02-02,2020-05-28,2
1468,2,2,1,2017-01-05,2000-09-22,1
1968,1,1,2,2008-08-15,2015-10-17,2
636,2,2,1,2001-02-19,2014-01-22,2
737,2,2,1,2013-11-03,1999-06-18,1
1315,1,2,2,2014-01-11,1990-12-15,2
375,2,2,1,2005-09-25,1990-05-15,1
579,2,1,1,2020-08-24,2011-05-25,1
1186,1,1,1,2002-02-08,1996-07-23,1
953,1,1,2,2007-12-09,2019-01-07,1
597,2,1,2,1994-07-11,1992-10-14,1
450,1,1,1,2003-11-29,1991-09-30,1
161,2,2,2,2012-07-28,2006-09-04,1
180,2,1,1,2013-11-11,2009-12-20,2
729,1,2,1,2012-04-07,2010-09-23,2
1886,1,1,2,2021-01-07,2001-11-17,1
1747,1,2,1,2013-08-21,1998-07-07,2
135,1,1,1,2014-08-29,2005-09-17,2
1513,1,2,2,2013-04-10,1991-05-18,1
1023,2,1,2,1991-09-21,1996-08-11,2
13,2,1,1,2003-04-18,1993-11-30,2
623,2,1,1,2013-05-22,1993-08-22,2
1767,1,2,2,1996-05-23,1991-06-28,1
1796,2,1,1,1992-06-17,2011-01-06,1
1853,2,2,2,1996-09-27,1997-08-03,1
954,1,1,1,2015-04-20,1998-05-29,1
1284,1,1,1,2014-02-25,2011-06-25,2
871,1,1,2,2009-01-19,2008-12-10,2
1154,2,2,2,1992-01-24,1990-09-19,1
745,1,2,2,2015-10-27,2015-10-20,1
812,2,2,1,1996-05-29,1999-01-20,1
1523,2,2,1,2019-05-11,2010-02-04,1
9,1,2,2,2007-03-01,1993-04-02,2
1564,1,1,1,2010-10-27,2001-03-07,1
93,2,2,2,1999-05-03,2020-12-29,1
1239,2,1,2,2013-02-10,2011-05-06,2
1331,2,2,2,1994-11-03,1998-02-19,2
1975,2,1,2,2009-06-11,1990-01-05,1
1235,2,1,1,2004-09-18,2009-08-01,1
685,1,2,1,2016-04-16,2009-11-12,2
584,2,1,2,1993-10-13,1990-02-28,2
872,1,2,1,2003-04-03,1995-09-15,1
511,1,2,2,1996-08-26,2009-08-03,1
309,1,2,1,2012-03-16,2006-03-10,1
999,1,2,1,2006-01-29,2005-02-13,1
264,1,1,2,2015-04-12,1994-03-06,2
1422,1,2,2,1992-11-01,1994-02-24,2
922,2,1,2,2013-03-05,2020-06-18,1
927,2,1,1,1995-09-27,2016-07-04,2
1097,1,1,1,1994-11-07,1995-12-01,1
1929,2,1,2,2021-08-11,1992-08-11,1
1511,1,1,2,1990-10-15,1990-09-10,1
1817,1,1,1,1999-05-02,1995-10-23,2
813,2,2,1,1999-09-04,2003-07-04,1
518,1,1,2,2003-09-15,2018-05-18,2
1739,2,1,2,2004-09-05,2005-08-13,2
1159,2,2,1,1997-10-19,2011-07-18,1
570,1,2,2,2019-08-26,2011-08-29,2
744,2,1,2,1995-06-21,2008-11-09,1
1293,1,2,1,2002-10-16,1999-10-18,1
1044,2,1,2,1999-07-26,1994-04-04,1
1066,2,2,2,1994-06-15,1993-08-26,1
195,2,2,1,2011-02-06,2004-02-15,2
279,2,2,2,2000-05-11,1997-10-06,1
836,2,2,1,1999-07-22,2018-07-28,1
528,1,1,1,2001-03-24,2010-11-06,1
719,1,2,2,1990-09-26,2013-12-12,1
347,1,2,1,2009-12-23,1995-04-29,1
533,2,2,2,2005-01-12,2021-07-29,1
1966,2,2,2,1993-12-19,2021-12-17,2
1511,1,1,1,2021-01-28,2016-05-18,1
943,1,1,1,1990-03-17,2016-07-19,1
22,1,2,1,2016-10-03,2009-10-26,1
395,1,1,1,2013-10-12,1995-05-16,2
1422,1,1,2,1999-12-14,1996-10-25,1
1159,2,2,2,2008-02-10,2018-11-27,1
1267,1,1,2,1998-01-12,2000-09-18,1
1168,1,1,2,2012-10-18,2003-02-06,1
1619,1,1,2,1999-09-25,2014-12-30,1
1794,1,2,1,2003-11-06,2008-11-13,1
1948,1,1,1,1995-11-03,1996-03-27,2
1119,1,1,2,2015-12-12,2003-07-28,1
1146,1,1,1,1998-03-01,2020-10-31,1
1651,2,1,2,1991-01-16,2013-01-28,1
757,1,2,2,2007-02-28,1991-01-10,2
751,2,2,2,1997-02-23,1994-04-16,1
1776,1,2,2,2003-03-23,1999-11-07,2
438,1,2,2,2004-09-05,2006-04-10,2
1569,2,2,1,2006-10-01,2013-03-19,2
1924,2,2,1,1991-02-28,1992-08-30,1
1000,2,1,1,2001-03-09,1995-10-16,1
884,2,2,1,2017-10-29,2005-12-16,1
763,2,2,2,2014-09-05,2001-09-25,1
1261,1,1,2,2010-02-04,2021-11-02,2
360,2,2,1,2015-06-06,2013-09-22,1
677,1,2,1,2013-08-03,1995-11-17,2
1172,1,1,1,2000-04-11,2009-08-05,1
1758,1,2,2,2010-07-26,2003-06-24,2
212,1,1,2,2007-09-13,2000-06-18,1
1839,1,1,2,2021-04-04,2020-06-21,2
602,1,1,1,2008-09-01,2019-06-08,2
1954,1,2,2,2018-06-26,1996-07-25,2
1229,1,1,1,2011-10-23,1993-03-26,2
433,2,1,1,2011-11-25,2006-04-28,2
1694,2,1,1,2005-03-02,2001-12-28,2
1828,2,2,2,1996-06-16,2007-11-10,1
1138,2,2,1,2008-02-01,2016-07-03,1
629,2,1,2,2009-05-27,2014-03-10,1
407,1,2,1,1992-10-26,1998-08-18,2
1905,1,1,1,2020-08-14,2001-05-02,1
722,2,2,2,2001-12-23,1993-07-02,2
841,1,1,1,2015-05-02,2016-03-02,1
1603,2,2,2,1999-06-30,2018-02-17,2
824,2,2,2,1997-11-05,2006-10-27,2
1441,1,1,2,2013-02-10,2021-04-10,1
1535,2,2,2,1995-09-14,2009-09-26,2
491,1,1,1,2021-12-08,2003-10-26,1
1178,1,1,1,1992-07-12,2005-10-24,2
183,2,2,1,2001-06-12,2016-03-17,2
964,2,1,1,2006-09-10,2020-03-06,2
489,1,1,2,2006-08-19,2019-08-03,1
85,2,1,2,1998-07-30,2009-03-13,1
598,2,2,1,2003-09-20,2008-11-06,2
150,1,1,2,2018-07-04,2019-06-05,1
910,1,1,2,2006-08-23,2009-03-10,1
1941,1,1,1,2008-05-02,2001-02-23,2
734,1,2,1,2000-01-23,2000-01-05,2
37,1,1,1,2017-11-21,2001-11-08,2
1047,1,1,1,1993-02-22,1994-04-22,1
1339,2,2,2,2019-01-15,2020-04-17,1
1115,1,1,2,2006-12-01,2009-06-11,1
72,1,1,2,1990-06-10,2016-09-30,2
1815,2,2,2,1997-01-12,2013-03-01,2
410,1,2,1,1998-07-21,1992-05-12,1
864,2,2,2,1998-01-01,2012-08-13,1
1112,2,2,1,2021-03-24,1991-06-22,2
1317,1,1,2,2014-08-10,1994-12-04,1
164,2,1,2,2000-06-04,1999-05-03,1
1445,1,1,1,2010-09-11,2000-04-03,1
544,2,1,1,2000-12-01,2021-06-22,2
1110,2,2,1,2014-08-21,2004-12-06,2
1767,1,2,2,2016-03-13,1991-07-28,1
1623,1,1,2,2003-04-01,2002-03-10,1
385,2,2,2,1999-08-06,1991-11-20,1
1023,2,2,2,1996-07-02,2010-01-23,2
1404,2,2,2,2016-05-10,1999-01-13,1
403,1,2,2,1995-07-09,2010-07-31,1
1279,1,2,2,1995-04-20,2014-02-24,1
876,1,2,1,1992-08-23,2019-03-10,1
342,1,1,1,1990-02-03,1996-06-04,2
159,1,2,1,2007-06-17,2009-11-25,2
935,2,1,2,1997-12-04,1997-08-04,2
1827,2,2,1,1992-04-28,2020-05-31,2
894,2,2,2,1992-10-16,1990-04-14,1
252,1,2,2,1998-11-12,2005-05-24,1
424,2,1,2,2006-02-27,2001-03-13,2
802,1,2,2,2018-12-03,2005-03-25,2
1147,2,2,2,2002-10-18,2003-12-13,2
1933,1,2,2,2021-12-12,1998-10-27,1
406,2,1,2,2002-10-27,1997-02-09,2
648,2,2,2,1999-04-25,2019-04-25,1
937,2,1,1,2021-09-18,2004-05-13,1
1524,1,2,2,2010-05-18,2011-04-03,1
975,1,2,1,1991-07-30,2006-03-04,2
372,2,2,2,2020-11-09,1991-07-10,2
1338,1,1,2,1999-11-17,1991-10-08,2
787,2,1,1,2009-06-25,2009-06-30,2
1945,1,1,1,2016-03-04,2019-09-21,1
1437,2,1,1,2014-03-12,2001-10-08,2
86,1,2,1,2018-09-25,2010-07-11,1
1231,1,1,1,2019-07-01,2015-04-18,2
483,1,1,2,2003-09-25,2002-07-04,2
895,2,2,1,2021-06-15,2019-10-16,2
1649,1,1,1,2004-08-23,1993-01-01,2
188,2,1,1,1998-06-14,1997-01-04,2
280,2,1,1,2002-06-13,1995-05-17,1
893,1,2,1,2013-04-10,2016-06-17,1
1893,1,2,2,2001-02-17,2011-06-05,2
561,1,2,2,2007-05-21,2011-12-06,1
1643,2,1,1,2003-02-21,1996-02-24,1
903,2,2,2,2011-01-21,2016-06-23,1
971,2,1,1,2021-03-31,2007-01-23,1
1284,1,2,1,2019-05-27,1992-05-13,2
1688,1,2,2,2020-04-06,2016-01-28,1
45,2,2,2,2012-09-11,1990-03-31,2
70,2,2,1,1993-08-09,1998-08-07,2
689,2,2,2,1995-07-06,2010-01-09,2
1051,1,1,2,2018-05-30,2013-05-13,2
442,2,1,2,2001-10-24,2000-01-17,1
987,2,1,1,2021-08-04,2014-05-09,2
1584,1,2,2,1991-08-29,2017-08-29,1
1829,2,1,1,2021-08-23,2019-06-22,2
1834,1,2,1,2012-02-04,2018-05-06,1
1385,2,2,2,2021-07-15,1991-01-27,2
1029,2,2,2,2008-11-27,1990-11-15,2
688,2,1,1,2011-02-19,2018-07-02,2
1776,2,1,2,2010-12-22,2006-05-01,2
59,1,1,2,2004-11-17,2009-04-19,2
547,1,1,2,2017-09-12,1992-02-25,2
931,1,1,2,2021-12-07,1990-01-29,1
983,1,2,1,2015-01-19,2021-08-05,2
1413,1,2,2,2018-01-16,2014-03-23,2
1941,2,2,1,2019-03-23,2012-07-12,2
847,1,2,1,2009-03-06,2014-06-29,1
106,2,2,2,1999-11-12,2011-08-26,2
773,1,1,1,2018-07-18,2015-05-18,1
688,2,2,1,2002-04-04,1990-08-24,1
1300,1,2,2,2001-07-28,1998-02-28,2
336,2,1,1,2004-02-12,1999-02-20,2
1945,1,1,1,2014-11-03,2012-05-20,2
749,2,2,1,2000-11-24,1990-01-26,1
481,2,1,1,2007-09-19,2012-01-12,2
1214,2,1,1,2019-12-02,1996-05-29,1
954,1,2,2,1993-07-02,1996-08-08,1
676,2,1,2,1997-02-10,1990-09-08,1
1298,2,2,1,2007-07-03,2001-11-12,1
1192,1,1,1,1995-11-22,2008-08-25,2
895,2,2,1,1999-04-18,1992-08-25,2
368,1,1,2,2005-12-15,2009-02-21,2
418,1,2,1,1992-07-22,2021-04-18,2
1606,1,2,2,1996-09-12,1997-12-05,2
877,2,2,2,1992-04-07,2021-10-24,2
1132,2,1,1,2021-07-17,1997-12-04,2
149,1,1,2,2003-05-25,2015-05-26,1
409,1,1,2,1997-06-25,2016-05-03,2
1339,2,1,1,2017-02-07,1996-01-06,2
622,2,2,2,2010-09-21,2006-05-24,1
1675,2,1,1,2015-02-03,2016-03-30,1
1966,1,2,1,2010-01-30,2002-08-31,2
1939,2,1,1,2008-09-05,1999-10-26,2
133,1,1,1,2011-04-03,1992-02-12,1
943,2,2,1,2010-08-23,2001-07-26,1
1107,2,2,2,1995-07-17,2014-06-24,1
331,2,1,2,1997-04-21,2011-03-21,2
1438,2,2,2,1994-06-01,2010-03-22,2
495,1,1,2,2021-04-05,2021-06-05,2
681,2,1,2,2013-09-13,1995-04-25,2
1066,1,2,2,2007-05-10,2013-06-14,1
192,1,1,2,2002-08-03,2007-03-30,2
1067,2,2,1,1991-10-23,2019-02-05,2
1381,2,1,2,2013-09-23,1993-12-05,2
1349,2,1,2,1997-04-26,1995-03-02,1
1172,1,2,1,2017-03-04,2014-05-22,1
98,2,2,1,1992-08-22,2008-11-13,1
1602,2,2,2,1990-01-04,2010-07-28,2
1490,1,1,2,2005-12-29,2009-03-08,2
605,2,1,2,2004-08-22,2019-07-10,1
46,2,2,1,1995-02-13,2012-09-22,1
983,2,1,1,2010-10-01,1990-03-30,1
1076,2,1,2,2005-06-21,2015-03-04,2
1857,1,1,2,2005-01-09,2018-10-18,2
1801,1,1,1,1990-01-06,2006-05-22,1
274,2,1,2,2013-09-28,2019-12-06,1
153,1,1,2,1997-01-24,2012-05-14,1
937,1,2,1,2004-05-28,1997-05-19,2
1910,2,1,2,2020-03-14,1991-01-26,2
1708,2,2,1,2014-04-04,1992-03-02,1
1412,2,1,2,2021-07-02,2008-12-31,1
1168,1,2,1,2021-05-04,1995-03-26,2
1672,1,1,2,1993-09-27,2013-08-15,1
1613,1,1,1,2001-11-26,2007-05-17,2
5,2,1,2,2014-08-01,1998-08-18,1
109,1,1,2,1998-08-08,1994-07-13,2
1219,1,1,1,2005-06-10,1997-08-18,1
476,1,1,2,1997-02-25,1996-09-03,2
1763,1,1,2,2016-11-13,2008-11-07,2
937,1,2,2,2015-04-12,2019-09-02,2
356,1,1,1,2010-08-27,1994-01-13,2
491,2,2,2,1994-12-09,1994-02-19,2
688,1,1,2,1998-07-22,1998-03-06,1
525,1,2,1,2008-07-15,2005-05-07,2
1423,1,1,1,1997-07-22,2012-04-25,2
1583,1,2,2,1998-01-30,2005-09-18,2
1895,2,2,2,2019-12-04,2019-05-10,1
1114,1,1,2,2015-12-11,2008-03-23,2
31,2,1,1,2017-03-08,1997-02-27,2
935,1,1,2,2018-11-17,2010-07-23,1
1319,2,2,1,2010-03-16,1994-04-28,1
1843,2,1,1,1993-10-07,2010-10-18,1
526,2,2,1,2006-09-19,2020-10-14,1
863,1,2,1,2009-08-22,1997-12-17,1
1326,1,1,1,2019-07-24,2015-11-11,1
1035,1,2,2,1999-05-02,2002-10-20,1
1086,2,2,1,2017-07-21,2021-07-27,2
562,1,1,2,2014-11-19,2009-10-14,2
1273,2,1,1,2018-11-10,2000-08-23,2
1195,2,2,2,1998-12-28,2019-06-18,2
1039,2,2,2,2012-12-10,1996-01-21,1
1434,1,2,2,2021-03-02,2006-10-16,2
23,1,2,2,2005-05-31,1991-03-02,1
169,1,2,1,2004-02-13,2019-02-19,1
1189,2,2,2,2017-07-31,1997-07-20,2
1739,1,2,2,1999-07-14,2015-08-14,1
281,1,1,1,2006-04-18,2003-02-03,1
989,2,1,2,2009-05-23,1998-03-17,1
1693,1,2,2,1995-05-28,2002-12-20,2
48,2,2,1,2011-09-27,2001-01-24,1
564,1,2,2,2011-12-05,2004-07-22,1
1539,1,2,1,2021-08-04,1994-12-19,2
580,2,1,2,2004-03-08,2015-09-04,2
1165,1,2,2,2002-09-16,1996-03-26,2
1528,1,2,1,2020-09-10,2018-09-27,2
1341,2,1,2,2004-06-26,2019-01-23,2
1286,2,2,1,1993-04-20,2016-10-07,2
1820,1,1,2,2020-12-04,2012-10-01,1
1043,2,2,2,2014-09-18,1993-04-03,1
127,2,1,2,1994-11-07,1993-05-10,1
1275,2,1,2,2017-07-05,1996-06-09,2
1490,1,2,2,1999-01-20,1991-09-30,2
79,2,1,1,2007-05-19,1993-09-02,1
972,2,1,2,1994-07-21,1994-05-06,2
107,1,2,2,1991-09-05,2010-10-20,1
1286,1,2,2,2007-09-12,2004-06-03,2
406,1,2,2,2014-05-11,2017-06-03,2
1231,1,1,2,2021-07-21,1997-08-20,2
655,2,2,2,2001-12-15,1990-07-14,1
1048,2,1,2,1990-11-16,1995-01-06,2
603,1,2,2,2005-08-05,2018-10-17,2
1031,1,1,2,1991-10-24,2016-12-21,1
1494,1,2,1,1993-10-19,2013-12-20,2
855,1,1,2,1996-04-04,2005-07-12,1
1159,2,1,1,2012-04-09,1994-02-23,1
1193,1,2,2,2017-07-30,2010-03-09,1
551,2,1,1,2004-04-06,2010-09-25,2
1542,2,2,1,2001-03-29,2019-05-21,1
347,1,2,2,2014-09-02,2008-10-18,2
1523,1,2,2,2015-02-11,2016-12-16,1
595,1,1,1,2010-03-24,2010-02-14,2
1672,1,1,1,2019-10-25,2012-10-25,1
521,1,2,1,2021-12-06,1993-03-26,2
1478,1,1,1,2006-04-11,2004-11-11,1
1869,2,2,2,2006-10-30,2008-10-11,2
1187,1,1,2,1993-05-29,1997-12-23,1
172,2,1,2,2015-04-19,1994-01-29,1
1732,2,2,1,1990-02-09,2004-10-02,1
330,2,1,2,2015-02-18,1994-10-10,2
1767,2,2,1,2001-05-18,1994-07-06,1
1865,2,1,2,2007-01-05,2005-06-15,2
1580,2,1,2,1994-10-05,2015-03-25,2
413,2,2,1,2008-03-20,1991-11-16,1
132,2,1,1,2010-04-03,2014-04-20,2
31,2,2,1,2006-05-15,2004-07-09,1
1603,2,1,2,1997-06-06,1991-06-02,2
645,2,1,1,2015-05-02,2021-06-18,2
1415,2,1,2,1995-01-13,1992-11-17,1
498,1,2,2,1992-08-24,2016-12-17,2
1438,2,2,2,2021-08-05,2008-09-08,1
314,1,1,1,2015-05-13,2017-04-04,2
1643,1,2,2,1997-03-22,2007-02-10,1
1887,1,1,2,2019-07-18,1992-02-04,2
126,2,1,2,2005-06-17,2002-08-30,1
829,2,1,2,2001-03-23,1999-08-02,1
365,1,1,2,2016-06-20,1992-06-09,2
373,1,2,2,2007-03-09,1990-06-05,2
1145,2,1,2,2001-08-22,1990-12-09,2
668,1,2,1,2015-05-03,2015-04-17,2
1822,1,2,1,2014-01-10,2013-03-03,2
1517,2,2,1,1993-09-15,1991-08-10,2
630,1,1,2,1994-05-21,1998-03-12,2
655,1,2,2,2016-11-08,2003-06-04,1
1329,2,2,2,2013-07-28,2002-03-05,1
885,1,2,2,2006-09-30,2010-04-01,2
960,2,2,2,2005-12-26,2021-06-02,2
1880,1,2,2,2005-09-12,1996-04-20,1
57,1,2,1,1998-01-03,1990-03-28,1
1149,2,2,1,1993-11-18,1996-07-23,1
697,2,1,1,2019-05-31,1990-10-26,2
844,2,2,2,2006-08-12,2015-03-04,2
1724,2,2,2,2002-11-27,2019-10-19,2
732,2,1,2,2020-11-29,2017-08-10,1
28,1,2,2,2017-12-24,2015-07-01,1
1546,2,2,1,1999-12-27,2002-02-22,2
1549,1,1,1,2011-05-22,1993-01-05,2
229,1,2,2,2000-06-15,1992-07-16,2
630,1,2,2,1998-02-21,2018-09-16,2
1804,2,1,2,2004-10-11,2013-09-23,2
1917,2,1,2,1999-05-11,1995-06-15,2
275,1,2,1,2016-11-02,1990-02-08,1
1723,1,1,2,1990-11-17,1993-09-30,1
1816,1,2,2,1995-02-10,2003-07-28,1
517,1,2,2,1996-02-01,1994-02-20,1
653,2,1,1,2009-01-25,2015-12-15,2
1746,1,2,1,1994-09-08,2008-10-21,1
663,2,1,2,2014-06-05,2019-09-29,1
874,1,1,1,2003-02-07,2001-12-20,1
1877,2,2,2,2016-08-17,2019-09-03,2
72,1,2,2,2008-11-21,1995-05-22,1
280,1,2,2,2015-03-13,1995-10-26,2
1724,2,1,2,2002-04-02,2010-01-24,2
796,2,2,2,2021-07-01,2000-04-09,1
653,2,1,2,2007-02-16,2012-03-30,1
1229,2,2,2,2019-08-13,2017-08-09,2
1730,2,1,2,1995-02-24,2005-09-13,1
72,2,2,2,1995-02-27,2008-10-28,1
1919,1,1,1,2006-03-06,2019-03-12,1
192,1,1,1,1997-07-28,2014-02-11,1
1630,1,2,1,2012-04-05,2004-03-25,2
1568,1,1,1,2005-09-12,1990-02-18,2
1962,1,2,1,2008-03-30,2009-08-19,1
1620,1,2,2,2021-12-12,2016-12-27,1
790,2,1,2,1999-03-30,2013-05-04,2
972,2,2,1,1995-09-12,2001-09-07,1
1116,1,1,1,2010-09-01,1993-05-04,2
21,2,1,1,2013-09-08,2010-10-16,1
1679,1,1,1,2004-11-04,2007-09-09,1
847,2,1,1,1990-02-26,2020-12-19,1
1458,2,2,2,2021-01-15,2018-09-03,1
1086,1,2,1,2001-06-08,1991-07-22,1
1128,1,2,2,2004-06-06,2006-07-04,1
1575,1,2,2,1996-05-28,2003-03-29,1
1587,2,2,2,1995-06-08,1999-10-10,1
82,1,1,1,2016-02-26,2021-11-02,2
1197,2,2,1,1998-08-01,2021-12-29,1
586,2,2,1,2020-03-08,2005-03-04,1
1780,2,1,2,2003-01-20,2016-12-08,2
609,2,2,1,2001-07-23,2007-10-31,1
1912,1,1,1,2021-02-11,1999-05-18,2
1563,2,2,1,1999-11-25,2016-08-15,2
1563,1,2,1,2017-10-10,2010-07-20,2
1839,1,2,1,2021-02-11,1990-08-06,2
55,1,1,1,1994-10-12,1998-05-07,2
383,2,2,1,2006-07-27,1990-09-02,2
260,2,2,2,2011-04-12,2004-09-01,1
400,1,1,2,2015-10-25,1990-03-05,1
405,1,2,1,1997-07-12,2019-03-11,2
539,2,1,2,2015-04-24,1999-12-18,1
1292,2,2,1,2010-05-20,2016-10-11,2
734,1,2,1,2018-11-11,1998-10-09,1
434,1,1,2,2010-07-08,2008-01-16,1
1876,2,1,1,2017-06-14,2010-07-17,2
787,1,1,1,2003-12-04,2002-02-03,1
1499,2,2,2,2011-02-07,2018-10-07,1
1381,2,1,2,2016-06-28,1999-06-29,1
1036,2,2,2,2021-03-16,1998-07-17,2
1134,2,1,1,2010-09-18,2000-07-21,2
891,1,1,1,2001-06-23,2012-01-13,2
1097,1,2,1,2006-04-18,1994-12-07,2
491,2,1,1,1992-02-25,2010-08-26,1
414,1,1,2,2020-03-11,1991-11-22,1
276,1,2,1,2012-11-21,2011-11-17,2
1355,2,1,2,2019-08-13,2018-11-04,1
913,2,2,1,2004-12-19,2009-09-03,2
484,1,2,2,1998-05-07,1999-04-23,1
1019,1,2,1,2007-04-02,2006-11-13,1
765,1,2,1,2017-12-12,2001-12-26,1
81,2,2,1,1991-08-13,2006-05-23,1
1064,1,1,2,1994-06-20,2003-09-28,2
1352,2,1,1,2016-10-25,2017-04-24,2
1528,1,1,2,1997-02-08,2004-07-18,1
199,1,1,2,2013-02-03,2002-07-17,1
1212,2,2,2,1996-08-06,2020-12-27,2
1189,2,1,1,2002-03-25,1991-04-03,1
1999,1,2,1,1991-01-14,2004-03-30,1
1486,1,1,1,2014-11-25,2013-07-26,1
1874,2,2,2,2021-08-14,1992-05-15,2
717,1,2,1,2001-04-25,2005-06-24,2
1560,1,2,1,1990-05-30,1995-12-27,1
1468,1,1,2,2001-07-29,2010-11-06,1
321,2,2,1,2012-12-13,2000-01-26,2
492,1,2,1,2004-09-04,2004-02-08,2
1558,1,1,1,1996-01-01,1994-05-06,2
375,1,2,1,1992-04-22,2001-05-19,2
911,1,2,2,2009-02-19,2005-02-12,1
867,1,2,1,2018-10-31,1998-02-15,1
225,2,1,1,1996-10-25,1998-12-21,2
1561,1,2,2,2019-06-12,2009-08-03,1
895,1,2,1,1998-01-28,2003-03-08,1
1883,2,1,1,2014-03-07,2004-12-13,1
21,2,1,2,1996-12-25,2001-06-20,1
778,2,1,1,2002-10-28,1998-05-02,2
1149,2,1,2,2011-12-30,2011-06-27,1
1219,2,1,2,2019-04-11,2006-04-15,2
254,2,1,2,1992-05-24,2000-10-03,2
633,1,1,2,2015-05-10,2017-06-05,2
1695,1,1,1,2008-01-20,1997-11-04,2
76,2,1,1,1997-06-19,2003-05-13,1
1677,2,1,1,1992-01-16,2009-11-04,1
313,1,1,1,2009-08-21,2015-07-30,2
634,1,2,1,2012-11-11,2013-05-03,2
461,2,2,1,1996-05-04,1997-10-15,1
885,2,1,1,1991-03-21,1998-07-26,2
379,2,2,1,1997-09-16,2020-10-14,1
730,2,1,1,2013-12-23,1998-07-21,1
792,1,1,2,1997-07-08,1994-08-14,1
648,1,1,1,1991-01-08,2020-09-14,2
936,1,1,2,2012-05-18,1992-06-14,2
598,1,1,1,2007-11-06,2011-12-27,1
536,1,2,1,1995-03-25,2009-10-20,1
1802,1,1,1,2003-08-15,2008-01-02,2
302,2,2,2,1998-04-12,1999-08-15,2
971,1,1,2,1990-06-17,1991-02-27,1
1914,1,2,2,2006-02-20,1990-01-30,2
323,1,2,2,2001-03-15,1991-07-19,2
587,2,1,1,2013-10-04,2016-12-20,1
739,2,1,1,2002-05-20,1991-01-15,2
1666,2,2,2,1991-02-19,2015-06-15,1
55,1,1,1,1997-09-03,2009-12-19,2
813,1,1,1,2016-03-10,2019-10-13,2
1017,2,1,2,2020-12-07,2007-01-02,2
1961,1,2,1,1994-11-04,2008-07-14,1
659,1,1,1,2021-02-02,2018-01-28,2
1901,2,2,2,2011-07-17,2021-04-09,1
535,2,2,2,2021-01-09,2004-01-16,1
554,1,1,1,1995-11-24,2021-05-13,1
776,2,1,1,2020-07-26,2008-03-09,1
682,1,2,2,2008-09-01,2021-04-02,1
817,2,2,1,1996-11-18,1996-01-26,1
202,1,2,2,2006-09-22,2004-05-11,2
184,1,2,1,2014-04-02,2008-11-12,2
1438,2,1,1,2020-02-25,2002-05-13,2
876,2,1,2,2002-06-19,2021-04-30,1
1395,2,2,2,1997-01-02,2013-09-14,1
936,1,2,2,2017-06-16,2011-08-21,1
613,1,1,2,2013-09-01,2002-05-04,1
808,2,2,2,1998-05-07,2019-01-28,1
1357,2,1,1,2016-03-14,2015-06-29,2
137,2,2,1,1996-05-26,2019-10-09,2
112,2,1,1,2011-01-28,2013-09-04,1
1580,2,1,2,2017-02-22,2009-05-27,2
1510,1,1,2,1999-10-19,2014-05-26,1
807,2,1,1,1995-05-28,1997-10-02,1
599,1,2,1,1996-12-09,2009-10-29,1
866,1,2,1,1992-01-07,2008-10-14,2
801,1,1,2,2008-11-08,2011-03-02,2
1648,2,1,2,2005-08-07,2014-03-26,2
775,1,2,2,1992-12-18,1999-01-25,1
59,2,2,2,2007-03-18,1992-03-12,2
1141,2,2,2,2012-02-22,2014-09-07,2
1685,1,1,2,2000-11-10,2017-11-19,2
191,1,1,1,2012-07-23,2019-08-27,2
1446,2,2,1,1997-04-03,2007-02-10,1
1337,1,2,2,1994-08-10,2016-12-21,2
418,1,1,2,2018-05-22,2018-01-29,2
788,1,1,2,2018-12-02,1990-05-13,1
103,2,2,2,2021-10-04,2006-06-04,2
24,2,2,2,1997-08-25,2001-01-05,2
478,2,2,1,1997-07-12,1997-04-11,2
268,2,2,2,2001-06-12,1994-01-22,2
992,1,2,2,2004-11-17,1990-11-03,2
77,2,2,2,2012-03-02,1993-11-01,1
722,1,2,1,2005-08-14,1991-03-15,1
862,1,2,1,2010-09-17,2003-01-07,1
452,1,1,1,2016-10-11,2015-08-13,2
1577,1,2,1,2001-04-21,2005-07-15,2
585,2,1,2,1999-09-15,2009-08-07,2
749,1,1,2,1993-09-20,2007-06-17,2
1280,1,1,2,1990-02-28,2009-04-08,2
1933,1,2,1,2014-09-16,1998-10-10,1
267,2,2,2,2011-02-13,2014-11-19,2
1640,1,2,2,2019-05-23,2004-06-26,1
1008,1,1,1,1992-08-06,2006-09-03,2
1034,1,1,1,2004-04-30,2008-11-29,1
1765,1,1,2,2014-08-05,2020-01-26,2
1177,2,2,1,2014-01-10,2011-09-11,2
878,1,1,2,1990-09-04,1999-04-24,2
391,1,1,2,2015-10-30,1999-09-15,1
152,2,2,1,2008-02-09,2018-09-01,1
1227,2,2,1,1994-11-01,2016-02-26,2
87,1,2,1,2013-04-21,2018-07-06,1
436,1,2,1,1994-09-03,1994-10-20,1
156,2,1,1,1994-01-17,1999-08-08,2
143,1,2,2,1998-01-30,1992-04-08,1
375,2,1,2,1997-08-02,2015-10-06,1
67,2,1,2,2005-02-07,2005-02-13,2
1541,2,1,1,2014-12-04,2019-12-18,2
1706,2,1,1,2009-02-03,2003-07-02,2
297,2,2,2,2002-02-02,2014-10-28,1
905,2,1,1,2002-10-28,2001-07-30,2
559,1,2,1,2007-06-25,2015-12-06,1
1578,2,1,1,1998-12-18,2018-01-21,2
1295,2,2,2,1991-07-10,2004-10-21,2
949,2,2,2,1993-04-05,1992-02-23,2
1435,2,2,1,1993-07-28,1994-06-06,2
1627,2,1,1,2015-06-18,2000-01-04,1
942,1,2,2,1992-01-11,2007-02-19,1
399,1,1,1,2013-03-25,2004-11-09,2
398,2,1,1,1996-05-06,2011-10-22,1
1781,2,1,1,2019-06-23,2019-02-23,2
670,2,2,1,1998-05-23,1999-10-05,2
1188,2,1,2,2015-10-20,2007-02-02,1
540,1,1,1,2001-09-20,2018-09-28,1
520,2,2,2,2010-04-18,2020-11-09,1
730,1,1,2,2005-11-18,2007-04-21,2
957,2,1,2,2000-01-05,2014-07-08,1
1938,1,2,1,1992-07-13,2002-12-24,1
1111,2,1,2,2000-12-10,2009-03-09,1
1910,2,2,2,1994-04-01,2013-05-16,1
1976,1,2,1,2004-11-17,1997-02-28,2
209,1,1,1,2008-07-17,2000-06-03,1
1268,1,1,2,1991-10-01,2009-08-21,2
223,2,2,2,2007-03-27,2003-07-24,1
618,1,1,2,2013-12-29,2002-10-07,2
1846,2,2,1,2019-03-07,2011-05-10,2
246,1,2,1,2014-02-15,2019-09-21,2
1712,1,2,2,1999-04-22,2018-08-19,2
1658,2,2,2,2015-08-02,2007-05-04,2
1603,2,1,2,1997-12-28,2021-06-11,1
1036,1,1,1,1997-09-27,2007-11-15,2
1261,2,2,1,1997-04-25,2017-02-28,2
1636,1,1,2,2019-04-12,2009-06-23,2
1443,2,1,1,2020-11-17,1999-03-24,1
38,1,1,2,2017-02-01,1994-04-29,1
1134,2,2,1,1992-01-06,1997-04-22,1
1204,1,1,2,2013-01-13,2010-05-14,2
1899,2,1,2,1990-05-11,2000-03-14,2
650,2,2,2,2015-09-16,1994-08-04,1
1710,2,1,2,2000-06-01,1994-07-06,2
1251,1,2,1,1991-11-24,2010-03-30,1
224,2,2,2,2016-04-16,2014-07-16,2
859,1,2,1,2010-02-05,2007-07-28,1
828,1,1,1,2021-11-11,2002-12-12,1
667,2,2,2,1991-08-08,2010-05-18,2
1718,2,1,2,2017-07-12,2002-12-04,1
1108,1,2,1,2020-06-22,2004-01-02,2
1542,2,2,2,1997-11-06,1990-04-16,1
1673,1,1,2,1990-05-29,2007-08-27,1
1254,2,1,1,1996-06-21,2019-07-15,1
655,2,2,2,2018-11-19,1994-08-09,1
848,1,2,1,2001-07-05,2016-06-06,1
1484,2,1,2,2002-10-10,2011-06-08,2
1973,1,2,1,1994-03-18,2003-09-07,2
785,1,1,2,2008-07-25,2009-03-31,1
702,1,2,2,2015-11-12,2006-07-24,1
151,2,1,1,2004-06-02,1996-03-20,2
1609,1,2,1,1996-04-30,1996-02-18,2
332,1,2,2,2012-08-18,1997-05-08,2
1310,1,1,1,2001-02-01,1990-05-04,2
277,1,2,2,2020-06-19,1999-12-22,1
1158,1,1,2,2014-03-30,2014-06-23,1
616,1,2,1,2000-02-03,2009-04-07,1
1258,2,1,1,1998-11-27,2021-02-15,1
1851,1,1,1,2016-10-24,1999-10-08,1
1025,2,2,2,2019-06-26,1993-10-15,2
571,1,1,1,2005-08-18,2001-10-13,1
668,1,2,1,1992-05-09,2021-04-14,2
957,1,2,2,2008-01-11,2019-09-17,1
768,1,2,1,2017-03-05,2008-04-05,1
490,1,1,1,2019-07-28,1990-05-27,1
606,1,1,1,2016-10-20,2014-08-18,1
516,1,2,2,2004-12-19,2005-07-17,2
908,2,1,1,2019-05-30,2010-12-13,2
639,1,1,1,2005-03-27,2012-06-03,1
1173,2,2,2,2007-04-27,2018-08-05,2
1496,1,2,2,2014-02-06,1990-03-26,1
13,1,1,2,2006-05-30,1990-06-05,2
1402,1,2,1,2012-05-08,1990-04-27,1
298,1,1,2,2020-12-04,2009-04-12,1
618,1,2,2,1996-06-30,2021-06-10,2
248,2,2,2,2018-09-27,1998-12-25,1
1008,1,2,1,2012-10-03,2001-02-18,1
1507,1,2,1,2021-03-16,1992-07-25,2
842,1,1,1,1996-11-09,2006-08-01,2
1713,1,1,2,2021-02-11,2012-06-28,2
1372,1,2,1,1994-06-02,2005-12-12,2
209,2,2,1,2008-06-14,2017-03-20,2
1497,2,2,2,1994-05-16,2018-06-16,2
366,1,2,1,2005-01-06,2016-07-21,2
445,2,2,2,2013-01-14,1997-03-15,2
1907,1,1,1,1993-05-24,1996-08-26,1
1363,2,2,2,1994-05-11,1997-06-04,1
1665,2,1,2,2014-09-08,1991-06-08,2
389,1,2,1,2019-04-29,2010-02-03,1
