name,sales_plan,turnover_id,rate_over_turnover_id
Research and Development,89265256,1709,2
Marketing,985282307,899,2
Management,947377541,458,2
Sales,274552210,1622,2
Management,86596096,585,2
Sales,501779069,1532,1
Sales,403954653,707,2
Marketing,495285249,706,2
Human Resources,274461753,1276,1
Marketing,894861838,291,1
Purchasing,618954854,799,2
Marketing,764442780,112,1
Research and Development,40082734,584,1
IT,825963444,437,1
Human Resources,806957733,129,2
IT,576717654,1483,2
Operations,527328165,817,1
Operations,758740229,874,1
Finance,284538263,969,1
Purchasing,11472369,1785,2
Management,6041191,181,1
Human Resources,99715957,206,1
Purchasing,360845645,1613,1
Research and Development,382197165,733,1
Research and Development,604929026,508,2
Management,539388631,1407,1
Operations,851239643,580,1
Management,69298849,509,1
Research and Development,18904641,667,2
Operations,753541961,1114,1
Accounting,6198885,766,1
Research and Development,114906029,1045,2
Finance,14198293,650,1
Sales,370747899,1215,2
Human Resources,961461734,908,1
Research and Development,726458788,272,1
Marketing,655139643,992,2
Purchasing,751094762,1746,1
Purchasing,749262221,365,1
Marketing,547126171,470,1
Human Resources,690902519,821,1
Sales,755676594,888,1
Management,476865445,753,2
Human Resources,237636656,1246,2
Finance,385717914,273,1
Operations,697780946,1024,1
Purchasing,272184296,910,1
Human Resources,319655909,1306,2
Sales,5514199,208,1
Management,801275773,544,1
Marketing,80789633,942,2
Management,401476266,1415,2
Purchasing,418288535,833,2
Accounting,4440557,1596,2
Marketing,264146980,532,1
Human Resources,442184265,491,1
Sales,694524241,1500,1
Marketing,548121583,841,1
Marketing,737593791,137,2
Human Resources,972149694,1449,2
Accounting,706096632,1709,2
Research and Development,948537107,516,2
Marketing,466983926,1763,1
Operations,788092987,245,2
Research and Development,452356205,1467,2
Operations,500909377,1115,2
Finance,328000493,1182,2
Finance,371289984,771,1
Accounting,610661070,1756,2
Accounting,434084416,363,2
Accounting,84612189,350,2
Operations,398692207,1046,1
IT,273287966,1218,2
Marketing,122081525,212,2
Marketing,419764131,1483,2
Management,537047491,1386,2
Purchasing,803539821,1064,2
Research and Development,512695875,530,1
Human Resources,986091685,477,1
Management,890569308,1727,2
Sales,300518651,194,2
Sales,645172359,112,1
Operations,976866218,888,1
IT,595006217,961,2
Management,393275498,1178,2
Research and Development,620941663,988,1
Purchasing,241627792,869,1
Research and Development,573077049,1194,1
Accounting,230831194,1441,1
Accounting,48091172,169,1
Sales,219509677,765,2
Purchasing,177809259,1454,2
Accounting,309498985,381,2
Human Resources,191705835,1378,1
Sales,916046124,1271,1
Marketing,825950004,861,2
Management,245444754,1142,1
Research and Development,495661328,833,1
Management,207689465,1748,2
Human Resources,686169024,254,2
Accounting,750368067,1293,2
Accounting,683807799,1735,1
Accounting,638876193,496,2
Management,569525431,498,2
Sales,420173403,956,2
Operations,407422150,1623,2
Research and Development,885921886,1133,1
Human Resources,140457533,1665,1
Research and Development,847143079,144,1
Marketing,857771359,1058,2
Human Resources,342999589,1647,1
Human Resources,865730650,1664,2
Finance,999770620,1528,2
Marketing,287130490,572,1
Research and Development,718586959,1310,2
Purchasing,914025971,182,1
Sales,141934333,1358,2
Operations,792024404,1538,2
Research and Development,854968212,984,1
Accounting,729142057,1326,1
Finance,825230453,227,1
Management,111503594,1645,2
Operations,988791922,1099,1
Marketing,42105470,1074,1
Human Resources,572165029,863,1
Marketing,408724397,507,1
Marketing,926697232,1719,1
Sales,56344273,1019,1
Finance,699500758,1045,1
Research and Development,826532027,164,2
Human Resources,201679220,1702,2
Human Resources,441252394,1405,2
Human Resources,151279334,1675,2
Human Resources,601146014,1607,2
Operations,893492187,216,1
Marketing,581971179,1411,2
Accounting,463108011,793,1
Accounting,322570496,1000,1
Operations,842335230,1608,2
Accounting,685335467,1761,2
Marketing,138537106,177,2
Marketing,615811716,1536,1
Research and Development,999695221,1230,2
Sales,664624164,861,2
Accounting,429207812,280,2
Purchasing,321695104,658,2
IT,459104334,764,1
Sales,962804333,253,2
Finance,356541181,464,1
Operations,156056861,752,2
IT,11959860,1177,1
IT,584300840,1306,2
Management,236898141,939,1
Operations,236665812,1254,2
Research and Development,86206712,1790,2
Human Resources,406966705,1260,2
Finance,764764998,150,1
Accounting,427830558,294,1
Purchasing,273816145,308,1
IT,842417566,612,1
Sales,521313129,173,1
Accounting,53095648,645,2
IT,377558053,457,1
Marketing,713442628,1132,1
Management,783697772,1080,2
Operations,308701447,813,2
Marketing,219848155,1785,1
Marketing,657534748,353,2
Sales,957122643,1666,2
Management,205828006,747,2
Accounting,350280833,1330,1
Human Resources,663892542,290,1
IT,911190540,1276,2
Human Resources,408880755,920,1
Marketing,76925145,701,1
Purchasing,15709157,1060,1
Human Resources,242495081,1231,1
Sales,903547151,1541,1
Accounting,720308068,863,1
Operations,347089372,1372,1
Marketing,659674069,1186,1
Finance,244508026,1293,1
Accounting,480788648,1123,1
Research and Development,131922873,1451,1
Sales,703476937,1534,2
Finance,907396223,1017,2
Purchasing,568170822,952,2
Finance,277971827,1554,2
Management,895131819,340,1
Management,362243313,192,2
Operations,290140840,1341,1
Management,561260919,562,1
Finance,21112669,812,2
Operations,773585593,883,1
Marketing,875852059,337,1
Sales,156387326,806,1
IT,847179891,1729,2
Finance,393218138,186,1
IT,859710232,838,2
Marketing,228313147,884,2
Human Resources,230901605,1154,2
Research and Development,973717670,527,2
Accounting,941081515,579,2
Human Resources,656915827,510,1
Research and Development,533229106,1266,1
IT,315018933,576,2
Finance,996473593,495,2
Management,752728898,138,2
Accounting,637500342,271,2
Operations,477199873,674,2
Operations,403942229,987,1
Marketing,550085337,440,2
IT,50316815,1517,2
Operations,6897950,1628,2
Finance,87947503,1746,2
Sales,607868077,466,2
Finance,390237017,247,2
Operations,729406283,1541,1
Marketing,34246438,1559,1
Sales,230773083,815,1
Sales,240454527,142,1
Finance,378749646,693,1
Sales,119757504,1054,1
Operations,475939206,1648,2
Marketing,840617682,323,2
Accounting,615047343,841,2
Human Resources,436616255,863,2
Marketing,700445726,420,2
IT,548748691,212,2
Operations,926829074,1396,2
Purchasing,678916929,1539,1
Marketing,399622644,1610,2
Marketing,870853506,117,2
Purchasing,699596399,1725,1
Research and Development,136159403,246,1
Finance,841196686,541,1
Finance,841366257,1427,2
Accounting,409911195,788,1
Purchasing,591866999,1256,2
Sales,309705,1325,2
Operations,729884615,753,1
IT,236601554,1154,2
Operations,884671798,1284,1
Research and Development,280248864,1136,1
Accounting,809191167,958,1
IT,928753394,625,2
Accounting,748833336,1586,2
Purchasing,171707230,802,2
Accounting,283616117,1688,1
Accounting,982099195,691,2
Human Resources,813553095,724,2
Sales,958620106,815,2
Finance,480417004,720,2
Accounting,394044529,413,2
Accounting,670695256,1479,2
Management,112793622,1711,1
Accounting,892761465,153,2
Management,409912954,1363,1
Accounting,810471234,279,2
Operations,783768536,100,2
Management,76429675,993,2
Research and Development,454220827,624,1
Purchasing,315021973,1424,2
Marketing,406555033,664,1
Research and Development,946702636,191,2
Finance,864235520,868,2
Sales,927762502,945,2
Human Resources,379336030,198,2
IT,304564731,1142,1
Operations,409199226,1144,1
Operations,9953265,877,1
IT,956929590,553,1
Accounting,997661499,1697,2
Sales,179814884,1085,1
IT,953246378,1462,2
Finance,623556620,1346,2
Human Resources,142076459,296,2
Sales,45961774,985,1
Management,36502498,501,2
Accounting,420912777,1700,2
IT,442559405,450,1
Accounting,443300720,1641,1
Sales,149967303,1224,2
IT,735345580,202,2
Human Resources,737483571,1415,1
Research and Development,401029505,545,1
Accounting,483391710,579,2
Finance,662235082,196,1
Purchasing,21092304,470,2
Accounting,442510661,576,2
Human Resources,625283961,339,2
Management,886771569,1542,2
Finance,275507339,1188,2
IT,452599564,1696,1
Marketing,773918641,1483,2
Marketing,213594636,1029,1
Purchasing,457686433,1157,2
Operations,546352266,1024,2
Accounting,960059775,531,1
Human Resources,618670117,181,2
IT,684871506,1319,2
Purchasing,387522367,1046,2
Purchasing,958151497,666,2
IT,323856187,1209,1
Purchasing,78357168,1034,2
Human Resources,262011208,235,1
Sales,806166870,460,2
Marketing,723451684,1799,2
Sales,223695292,646,1
Accounting,878893779,169,2
Finance,62930778,958,2
Human Resources,900410490,449,1
Management,232293892,333,1
Purchasing,121084225,653,1
IT,287903670,1691,1
Marketing,869597395,712,1
Finance,771356137,1659,1
Purchasing,176216523,993,1
Purchasing,844246985,143,1
Sales,520593802,468,2
IT,78621898,745,2
Operations,818123736,938,2
Research and Development,948699301,1581,1
Finance,825447481,1001,1
Sales,146449413,1121,1
Finance,800529633,322,1
Sales,938073961,345,1
Purchasing,123837214,1146,1
Purchasing,104687864,1145,1
Accounting,393841269,1413,1
Human Resources,312364073,961,1
Management,317152986,536,1
Management,994351056,948,2
Finance,775135591,1542,2
Finance,248235216,541,2
IT,268850539,966,2
Management,786850801,332,2
Human Resources,433265441,1020,1
Management,460629896,378,2
Human Resources,77446214,1504,1
IT,932328924,1647,1
IT,4794019,380,1
Human Resources,814931575,353,1
Marketing,124539712,892,1
Research and Development,732473141,1324,2
Marketing,418674082,102,2
Accounting,190437101,502,1
IT,177509299,960,2
Accounting,869826296,1743,2
Management,408686456,354,1
IT,840894998,1088,1
Human Resources,299550761,396,1
Finance,154381809,1575,2
Management,308301481,456,1
Finance,29591158,1201,1
Sales,705632351,1263,1
Management,279227901,1493,1
Marketing,724866920,1206,1
Operations,392197609,1623,1
Research and Development,605900760,1114,1
Purchasing,987219017,890,1
Management,945157404,972,1
IT,703816138,1478,1
Sales,715379367,1052,2
Marketing,502796847,247,1
Accounting,910065305,255,1
Operations,473976053,1763,2
Accounting,870336350,823,1
Accounting,494546305,811,2
Human Resources,227274386,1407,1
Sales,706408690,1127,1
Finance,321870854,1176,2
Research and Development,979448124,410,1
Operations,592194808,1245,1
Research and Development,195479134,1721,2
Finance,548438238,1292,2
Human Resources,485677984,1623,1
Human Resources,779421545,1248,2
Sales,723562848,505,2
Management,637248758,703,1
Research and Development,110958702,325,1
IT,91462027,1470,2
Research and Development,312393124,1604,1
Human Resources,933916316,774,1
Purchasing,814313787,399,1
Accounting,367160096,1069,1
Management,253739956,1121,2
Management,900663910,1460,1
Research and Development,771758902,1791,2
Accounting,268293189,274,1
IT,55647622,857,2
Research and Development,630412743,1214,2
Management,21032703,1405,1
Accounting,926617423,1385,1
Operations,80279850,319,1
Accounting,10694174,927,2
Operations,626599327,448,2
Finance,540839994,1463,2
Sales,989402367,1373,1
Finance,585676612,368,2
Operations,801343272,896,1
Marketing,308467102,1455,2
Purchasing,521378971,635,1
Marketing,668686419,1283,2
Operations,525420366,902,1
Accounting,153444401,1562,2
Human Resources,31054256,1425,1
Marketing,385998829,1038,2
Finance,455855334,1520,2
Operations,154439092,1438,1
Research and Development,291272678,926,1
Human Resources,466613101,1116,1
Human Resources,79980482,1462,1
Marketing,890461322,521,1
Finance,682370653,292,1
Operations,325566689,1351,2
Finance,360282695,802,2
Research and Development,6738258,315,1
Sales,268427288,845,1
IT,442729429,1052,2
Accounting,736443036,403,1
Operations,155512490,1530,1
Human Resources,390506424,1372,2
Purchasing,685705984,1247,2
Operations,856588814,861,2
Purchasing,914533855,456,1
Finance,387125844,1218,2
Accounting,113725084,1422,1
Marketing,361010346,1236,2
Marketing,638276229,176,2
Operations,381642154,907,1
Human Resources,266802601,734,1
Operations,934755245,1084,2
Finance,695091650,1288,2
Operations,891772533,345,1
Accounting,996639725,1085,1
IT,250168823,1354,2
Purchasing,882724366,706,2
Research and Development,634005044,689,2
Accounting,767136556,148,2
Purchasing,605836344,527,2
Operations,967141150,956,1
IT,149659263,551,1
Accounting,847576179,638,2
Research and Development,381049343,1511,1
Operations,693298844,159,2
Operations,661894006,1798,1
Management,27403283,235,2
Research and Development,457930041,412,2
Sales,62378360,1050,2
Sales,311112164,130,2
IT,101139379,819,2
Management,824561375,1578,1
Finance,20057552,367,1
Operations,540973156,1696,2
Finance,142923152,233,2
Purchasing,506461645,766,1
IT,425295712,1420,2
Research and Development,184354208,544,1
IT,167381100,259,1
Human Resources,35115656,173,2
Marketing,21292435,1497,2
Management,863082792,645,1
Marketing,686466777,1251,2
Human Resources,383562118,1455,1
Sales,387225240,610,2
Purchasing,130045958,502,2
Sales,939902756,1197,1
Accounting,461946568,1178,2
Purchasing,554487077,910,1
IT,548422836,1350,2
Marketing,572945738,1147,1
Operations,657904225,1774,1
Management,983316556,1405,2
Sales,151464332,909,1
Sales,69464078,244,1
Human Resources,917270051,1386,2
Purchasing,744596955,957,2
Finance,748604454,824,1
IT,499150837,1438,1
Operations,101376029,518,1
Finance,353651422,156,1
IT,782669499,436,2
Purchasing,449110768,549,2
Accounting,375249413,1091,1
Research and Development,954882469,240,2
Marketing,306766723,754,2
Operations,606985848,439,1
Management,1764469,973,2
Research and Development,984427623,789,2
Research and Development,292918568,1744,1
Operations,556109166,1120,1
Accounting,811451733,1285,1
Finance,599981196,1219,2
Purchasing,483797975,1709,2
Finance,412228415,1641,1
Operations,961897406,1092,1
Finance,580774806,1445,1
Finance,718985737,616,2
Finance,813295994,466,2
Sales,927225946,332,2
Finance,923589115,643,2
Management,955037819,1230,1
Purchasing,757365386,1622,1
Management,880140947,1267,2
Finance,523747056,988,2
Purchasing,218399054,621,1
Human Resources,135299004,1071,1
Human Resources,349194648,1700,1
Human Resources,161146319,401,2
IT,819758162,1346,2
Finance,451604327,850,1
Research and Development,832067881,333,1
Marketing,630610362,1163,1
Accounting,233136864,1333,2
IT,122832360,895,1
Management,459710805,221,2
Research and Development,853818225,433,1
Sales,27717595,1702,1
Sales,542312213,1779,2
Sales,94191635,734,1
Finance,463812126,233,2
Sales,758565503,1182,1
Accounting,486373659,171,2
Management,525108637,1113,1
Management,752992472,774,2
IT,912112369,788,1
IT,473002689,766,2
Human Resources,156920304,1654,2
Sales,3446894,456,2
Management,433595494,1739,1
Human Resources,153855311,1441,1
Finance,423686312,1460,1
Finance,531630846,420,1
IT,403618391,1508,1
Purchasing,980038126,1714,1
Management,774334245,1454,1
Operations,519330919,1408,1
Management,676442798,227,2
Sales,339171819,1379,1
Marketing,188666945,292,1
IT,126696769,1658,2
Finance,890179927,1502,1
Marketing,123646872,1563,1
Accounting,713896247,1274,1
Management,510569570,1194,1
IT,451902424,1715,1
Accounting,241615047,500,1
IT,346283429,1737,2
Research and Development,685896790,1082,1
Research and Development,83231847,627,2
IT,423986520,394,1
Research and Development,674290239,887,1
IT,310069112,312,2
Operations,646895815,1137,1
Marketing,647050560,537,2
IT,466600710,1281,2
Marketing,990749543,1007,2
Marketing,451388271,1094,1
Human Resources,962013693,1412,1
Human Resources,758493880,871,2
Sales,161218971,1307,1
Human Resources,351068363,653,1
Purchasing,357541844,207,1
Research and Development,583099703,146,1
Sales,344682130,153,2
Marketing,665329619,1695,1
Sales,851479482,800,2
Research and Development,380219761,1701,1
Marketing,475155829,1712,1
Sales,354162775,1133,2
IT,314019011,1327,2
Management,374139565,861,2
Finance,544423518,951,2
Sales,629373160,1191,1
Human Resources,513584130,1146,1
Finance,742991801,686,2
Accounting,645119312,130,1
IT,534195642,901,1
Sales,222088303,371,2
Finance,160588746,1474,1
Accounting,794418446,1201,1
Research and Development,8473822,1274,2
Research and Development,835222563,560,1
Sales,238040294,1578,2
Finance,26461335,716,2
Management,96949341,1770,1
Purchasing,125996667,434,2
Accounting,815612096,388,1
Sales,264570511,1742,1
Purchasing,14701188,1487,1
Finance,454128781,979,2
Human Resources,228708066,1181,1
Management,237414534,1557,2
Sales,65363478,1790,1
Research and Development,247784488,537,2
Research and Development,185829491,259,1
IT,208939692,1013,1
Human Resources,725110608,1506,2
Human Resources,955994384,1441,2
Operations,183286264,332,2
Accounting,697775008,359,1
Finance,252999477,549,2
Human Resources,659108353,666,2
Sales,62848301,1111,2
Management,499813711,327,1
IT,162336876,485,2
Accounting,903193050,1301,2
Human Resources,92395251,1336,2
Marketing,413033746,548,1
Purchasing,861395184,201,1
Finance,897871831,446,2
Management,980155670,434,1
Management,20481700,1021,1
Purchasing,82521759,360,1
Accounting,525943438,1497,1
Operations,422378931,717,1
Finance,704744543,1351,1
Sales,481156274,1350,1
Accounting,721747069,286,2
Finance,613788320,499,1
Sales,559184214,917,1
Operations,647697442,1084,1
Human Resources,936336336,1193,2
Purchasing,4392356,1572,2
Operations,26542452,1258,2
Human Resources,852573685,692,2
Human Resources,43000276,1186,1
Finance,359971436,727,2
Human Resources,392241873,692,2
Finance,107264126,1166,1
Marketing,707957677,243,2
Research and Development,228577614,881,1
Research and Development,587200353,539,2
Finance,547848691,416,2
Human Resources,601148749,1750,2
Purchasing,251768049,194,2
Operations,785842077,467,2
IT,878744780,1087,1
Management,397188054,1054,2
Sales,485403924,170,1
Operations,203286159,901,1
Marketing,437338813,1671,2
Human Resources,494953521,1419,1
Marketing,119594873,568,2
IT,184637244,602,1
Purchasing,812876119,1426,2
Purchasing,831267291,1004,2
Finance,650185449,245,2
Operations,914648466,1671,2
Sales,669719222,1457,1
Research and Development,473008576,849,1
Marketing,240565187,594,1
Marketing,687921466,1601,2
Marketing,989265119,174,2
Accounting,494603333,745,1
Finance,389300394,1386,2
Accounting,50734133,1427,1
Marketing,470498544,259,2
Management,165638131,424,2
Management,619577643,1586,2
Operations,252356539,803,1
Sales,502201359,1010,2
Research and Development,153904511,749,1
Human Resources,528418455,482,1
Sales,884840910,1377,1
Accounting,69534644,243,2
Operations,900563052,435,1
Sales,504339704,777,2
IT,613701973,1340,2
Finance,458623555,1441,2
Operations,210472097,696,1
Purchasing,808134231,1277,2
Finance,719200699,1499,1
Research and Development,822832290,620,1
Marketing,762747031,1296,2
Management,511505966,1412,1
Sales,578754570,1231,2
Sales,572099287,943,1
Purchasing,844343744,1012,1
Sales,43095860,1056,2
Human Resources,339594327,241,1
IT,910992168,1689,2
Management,259323096,924,1
Sales,922906959,1123,1
Accounting,984341093,585,2
Marketing,15919546,200,1
Human Resources,565868952,765,1
Human Resources,56618677,1378,1
Human Resources,917827955,1218,2
Accounting,693189275,1265,2
IT,868285162,727,2
Purchasing,283636018,954,1
Human Resources,533182048,1478,2
Sales,53125374,1193,1
Human Resources,714693433,1555,1
Operations,911461716,968,1
Operations,360199863,121,2
Human Resources,636918284,1078,2
Human Resources,441120254,1572,1
IT,520074971,578,2
Purchasing,218763344,1428,2
Human Resources,17471194,724,1
Human Resources,466070356,1264,2
Research and Development,570403998,652,2
Management,117676584,153,2
Human Resources,666036035,1643,2
Finance,65854648,840,1
Marketing,369122576,1026,2
Accounting,916987328,188,1
Marketing,758132303,109,1
Finance,865808449,1056,2
Finance,861997847,1643,2
Marketing,134059950,1659,2
Accounting,554544847,1236,1
Management,176444906,1451,1
Operations,51221439,1731,2
Finance,924650897,576,2
Operations,24555566,1123,2
Marketing,541727365,1348,1
Marketing,109434239,1210,1
Marketing,707109313,440,1
Accounting,15619359,562,2
Human Resources,655108009,1782,2
Finance,825747284,1643,2
Finance,657271724,1591,1
Operations,988053634,457,1
Operations,318076138,809,2
Research and Development,263148147,598,1
Operations,699406356,137,2
Research and Development,906903715,870,2
IT,401622062,1241,2
Purchasing,648879233,1181,1
IT,792622456,948,1
Human Resources,625897430,973,1
Accounting,108962629,985,1
Operations,325277979,199,2
Management,788736913,831,1
Research and Development,33252947,254,2
Human Resources,972187668,736,1
Management,346905084,196,2
IT,130853129,632,1
Sales,847145683,1748,2
Marketing,852320025,742,2
Management,319357621,621,1
Management,685727808,952,1
Human Resources,372570813,920,2
Sales,500149702,511,1
Human Resources,333889934,1550,1
Purchasing,638199133,868,1
Purchasing,30537517,476,2
Research and Development,532826055,232,2
IT,348683800,1142,2
IT,47143287,1522,2
Research and Development,810937576,1229,1
IT,712562090,653,1
IT,709782363,1198,2
Finance,227736101,1272,2
Research and Development,839551891,635,1
Accounting,986991602,825,2
Human Resources,531273860,1706,1
Research and Development,357588244,1110,1
Accounting,221947580,618,1
Finance,142553295,1492,1
Sales,957790426,1646,1
Research and Development,226664684,1718,1
IT,865712622,129,2
Sales,523962176,383,2
Management,978297697,125,1
Sales,972459992,740,1
Marketing,441863780,702,2
Finance,448509158,1415,2
Purchasing,15410213,1133,2
Purchasing,316984971,1458,1
Operations,517282693,1280,1
Management,768934218,902,2
Purchasing,446326496,1556,2
Marketing,702434537,1004,2
Operations,662344144,1790,1
Research and Development,174634536,957,1
Purchasing,292377014,1469,2
Finance,660573551,1427,1
Marketing,947232317,1014,1
Human Resources,355775448,1641,1
Finance,381233454,1328,1
Operations,777876520,1115,1
Accounting,875708177,1673,1
Management,354159285,432,1
Purchasing,483967995,1679,1
Finance,755582615,197,1
IT,789399903,1488,1
Marketing,281858904,872,1
Sales,647924005,907,1
Accounting,27969930,1151,1
IT,487575318,496,1
Sales,366038717,1366,2
Sales,133079179,504,2
Accounting,858993439,750,1
Management,327886380,1479,2
Finance,416944389,360,1
Accounting,700404376,1221,2
Research and Development,704416809,1718,2
Research and Development,614754557,699,1
Operations,16997589,1220,1
Purchasing,991463135,828,1
Purchasing,660124379,1457,2
Human Resources,261125949,383,1
Human Resources,816462001,699,1
Management,31937550,1151,1
Sales,69911484,1708,1
Marketing,253044679,1679,2
Operations,906761590,1276,1
IT,512163406,1387,2
Finance,121337561,367,2
Finance,763224891,796,2
Operations,827934925,1405,1
Human Resources,74736646,340,1
Management,624686676,1107,2
Purchasing,381224190,1546,2
Sales,986321226,763,1
Operations,860017867,874,2
Purchasing,382973525,592,1
Research and Development,857410231,325,2
IT,328329838,966,1
Accounting,880112111,1035,1
Sales,201549516,1644,1
Finance,782808507,1671,2
Human Resources,366094022,151,2
Management,51236812,182,2
Management,63691066,1782,2
Sales,928228887,1146,2
Accounting,649627971,634,2
Research and Development,498101291,620,2
Accounting,958899288,1108,1
Finance,412057990,1434,1
Accounting,682631029,1702,2
Research and Development,216843943,1069,2
Human Resources,832603224,1767,1
Research and Development,671241134,1198,2
Operations,367939179,1037,1
Accounting,207557704,1351,2
Purchasing,178972883,915,1
Accounting,680816969,1334,2
Human Resources,713825518,814,1
Finance,106975777,1312,1
Purchasing,705466001,843,1
Operations,884898912,1733,2
Management,755997854,1428,2
Research and Development,515347356,1473,1
Finance,170492727,862,2
Sales,156201080,356,2
Marketing,20768781,342,1
Human Resources,544084720,1547,1
IT,276506333,423,2
Sales,697236206,533,1
Human Resources,714628212,272,2
Research and Development,142813467,269,2
Finance,169646027,364,2
IT,65190319,1014,2
Operations,838228205,1684,1
Sales,784518461,974,2
Finance,302785415,1679,2
Management,44923162,916,1
Finance,273668217,831,1
Purchasing,448731056,1289,2
Finance,379347155,559,1
Management,36730206,1495,2
Sales,267154392,454,2
Sales,758411970,835,1
Human Resources,333166147,1456,2
Human Resources,515871687,845,2
IT,906081716,1629,1
IT,515326194,1576,1
Marketing,968499050,1078,1
Operations,433091039,745,2
Accounting,339668907,1536,1
Research and Development,548382147,923,1
Research and Development,996730101,1497,2
IT,103657015,1374,1
Finance,409190361,766,1
Marketing,436083929,1722,1
Management,102408760,1449,2
Marketing,69845327,1662,2
Finance,930213079,294,2
IT,380409343,141,1
Accounting,742313135,1024,2
IT,147071222,873,1
Human Resources,170263205,817,1
Purchasing,897487634,1341,1
Management,622056834,1220,2
Sales,687870838,1756,2
Purchasing,54867145,1405,2
Finance,875496849,1348,2
Management,251193112,203,1
Research and Development,316119641,1001,1
IT,759173498,1082,1
IT,814356599,1334,1
Marketing,68174947,931,1
Sales,290219332,756,2
Sales,772646407,1053,2
Management,734237728,176,1
Accounting,861174587,1324,2
Research and Development,335291328,361,1
Purchasing,407706084,247,2
Marketing,961499568,309,1
Management,712430041,985,2
Management,686069507,1527,1
Research and Development,327000479,1165,1
Sales,891844805,1583,2
Sales,234564794,1080,2
Purchasing,936268131,472,2
Finance,419647017,1726,1
Human Resources,390807422,1160,2
IT,297792750,626,2
Human Resources,123866109,1726,2
Purchasing,625786919,1672,2
Sales,33897185,633,1
Operations,173550499,578,2
Management,336226737,387,1
Accounting,656148261,111,2
Sales,526050726,1614,1
Sales,820213594,899,1
Operations,206241950,1289,2
Human Resources,827441329,1400,1
Purchasing,709345731,365,2
Marketing,756466816,1423,1
Marketing,748231099,817,1
Marketing,917200761,394,2
Marketing,989686045,134,1
Sales,450759934,1470,2
Operations,856419241,1150,1
Accounting,691245423,1115,2
Operations,700658211,747,2
Accounting,126105190,1564,2
Sales,861176300,720,2
Management,156777186,658,2
Purchasing,142463039,904,1
Research and Development,269542347,1347,2
Finance,267975384,638,1
Marketing,449638862,1045,1
Marketing,865128015,1361,1
Operations,389042039,197,2
Marketing,47074003,1371,2
Purchasing,851383120,933,1
Operations,952811003,602,1
Human Resources,309336734,1374,1
Finance,820507066,1597,1
Research and Development,611954512,1518,1
Management,946588161,1467,2
Accounting,900478144,319,2
Purchasing,482022257,371,2
Operations,860011022,906,1
Sales,909913840,1326,1
Marketing,224795153,439,2
Marketing,440773427,883,2
Operations,825381857,409,2
Human Resources,450007456,1066,1
Purchasing,957251653,1787,2
Research and Development,651476631,518,2
Marketing,989415441,1425,1
Management,829582257,872,2
Research and Development,648623488,344,1
Sales,963063504,809,2
Accounting,413295957,331,1
Management,643310396,1030,1
Human Resources,335159294,107,2
Finance,94268126,715,2
Finance,463765054,1276,1
IT,354005647,728,2
Management,282495840,1164,2
Management,488208985,767,1
Operations,18792944,419,1
Operations,986486671,841,2
Accounting,708433395,1486,1
Research and Development,633622015,1769,2
Human Resources,641406499,272,1
Human Resources,291458410,631,1
Purchasing,457855187,1610,1
Purchasing,983581287,1401,2
Finance,920603524,577,2
Finance,951307650,1778,2
Purchasing,185550442,1263,2
Operations,358902923,1550,2
Management,829926103,571,2
Management,109915140,1481,1
Sales,102506939,723,1
Purchasing,418234232,931,1
Finance,12236939,216,2
Management,83262290,1612,1
IT,109587169,533,1
IT,360542813,1029,2
IT,150927988,1319,1
Sales,100848890,808,2
Marketing,32470152,427,2
Operations,929860454,1620,2
IT,226005338,116,2
Human Resources,948856555,754,1
Finance,941899394,117,1
Research and Development,726919589,1189,1
Operations,682273723,869,2
Sales,301679228,1378,2
Operations,235935112,1454,1
Research and Development,85890235,1376,2
Human Resources,645500567,761,1
Management,20720446,770,2
Sales,499770532,520,2
Purchasing,139862749,1761,1
Management,847394291,522,2
Accounting,947082431,1644,1
Accounting,167331127,1682,1
Marketing,64375688,655,2
Marketing,286247178,204,1
Management,259847398,1790,2
Human Resources,797165468,407,1
Purchasing,987581427,1377,1
Human Resources,415456894,1679,1
Research and Development,849037410,520,1
Sales,994294088,1642,1
Purchasing,339639349,955,2
Marketing,392879514,1075,2
Purchasing,768265636,173,1
Research and Development,713444322,1143,2
Sales,707106897,678,1
Accounting,475196218,1453,2
Marketing,283692446,128,1
Purchasing,793097181,902,1
Management,810435056,856,2
Human Resources,479055939,148,2
Accounting,947671734,741,1
Management,797430865,422,1
Human Resources,567439064,953,1
IT,420700519,1405,2
Operations,766423163,1062,2
Management,231784807,1400,1
Human Resources,699834116,1424,1
Human Resources,665556340,756,1
IT,678702322,223,1
Purchasing,306193178,720,1
Purchasing,892533359,281,1
Human Resources,442356135,1272,2
Purchasing,830154841,788,2
Finance,139142706,585,1
Marketing,91897870,429,2
Purchasing,147224111,1554,2
Marketing,214993633,697,2
Management,300314595,978,1
Accounting,228439567,1452,1
Marketing,293572838,1790,2
Purchasing,846900168,100,1
Human Resources,858588014,736,2
Management,890211832,585,1
Marketing,692403122,642,2
Purchasing,537223085,593,1
Purchasing,714268364,1092,2
Management,167837048,313,2
Management,801783566,197,2
Purchasing,340477941,1225,1
Marketing,417226408,625,1
Research and Development,811665940,1089,1
Purchasing,510634131,312,2
Finance,849013911,859,2
Purchasing,918405352,1396,1
Human Resources,258611522,312,1
Sales,690306942,433,2
Research and Development,396350803,1644,2
Purchasing,147752045,1459,2
Human Resources,967243785,500,1
Marketing,125684179,1335,2
Purchasing,416444940,1417,1
Management,469332027,1605,1
Operations,365954834,1644,2
Human Resources,216292966,1102,1
IT,990518574,1162,2
IT,353466383,1254,2
Purchasing,827044054,711,1
IT,483030270,378,1
Operations,322195350,184,1
Finance,701339785,501,1
Operations,729421805,429,2
Human Resources,911704452,656,1
Management,85296964,1228,1
Operations,108305443,441,2
Sales,13901590,857,2
Marketing,849279937,943,1
Human Resources,770986717,705,2
Marketing,273573766,499,2
Sales,261294157,283,2
Marketing,14451980,987,1
Accounting,347641352,1220,2
Research and Development,22014241,1182,1
Marketing,360662973,1084,2
Human Resources,708429755,531,2
Human Resources,98676012,885,1
Operations,357384293,1537,1
Research and Development,749358030,759,1
Purchasing,328056573,1000,2
Accounting,307884442,148,2
Marketing,898563448,568,1
Marketing,933038103,1542,2
IT,333817000,1219,1
Purchasing,446227472,1187,1
Operations,53720641,1089,1
Operations,555300287,1370,1
IT,397419736,818,2
Research and Development,855757377,795,2
IT,491873463,901,1
Research and Development,282093692,667,2
Operations,39910782,795,2
Purchasing,342009521,494,2
IT,468293269,390,1
Sales,886180585,542,2
Marketing,205733137,1027,2
Operations,55136345,1756,2
Finance,710371232,721,2
Finance,304776841,504,1
Sales,959966864,1176,1
Marketing,230949905,1764,1
Marketing,868564757,278,1
IT,971155145,478,2
Human Resources,836257859,411,2
Sales,597350491,290,1
Purchasing,570011493,1106,1
Finance,716613124,1084,1
Human Resources,900810162,1321,2
Human Resources,797925206,930,2
Human Resources,253487156,1071,2
Finance,611551598,361,2
Accounting,571776432,582,1
Marketing,620870577,1007,1
Research and Development,179722998,774,2
IT,598456168,637,1
Human Resources,720959292,325,2
Human Resources,456697639,1019,1
Management,263250820,763,1
Purchasing,470454081,955,1
Accounting,638618610,1617,1
Accounting,440610985,546,2
Management,596300269,1660,1
Accounting,912344398,578,2
Finance,122660555,699,1
Accounting,370070892,1291,1
Purchasing,849739935,1444,2
Human Resources,51042002,263,1
IT,942808151,372,1
Sales,911348433,126,2
Accounting,523497913,808,2
Operations,468017064,155,1
Finance,762284568,1026,2
Marketing,273980653,1757,1
Finance,861301516,735,2
IT,404500943,744,1
Accounting,540360390,774,1
Sales,280845902,1668,1
Marketing,503743185,1410,2
Finance,44446466,937,2
Research and Development,355873336,1589,1
Operations,193026662,540,1
Finance,114585934,206,2
Operations,432521902,438,1
Marketing,101113573,365,2
Purchasing,574237341,1261,2
Research and Development,519065501,1453,2
Operations,19829638,257,2
Management,811214922,1402,1
Operations,910923927,1477,1
Human Resources,994290605,934,2
Human Resources,77813854,930,2
Management,717050242,1478,2
Research and Development,493847373,935,1
IT,174846752,1167,2
Management,645025922,1628,2
Purchasing,169068129,908,2
IT,905523088,993,1
Human Resources,849346837,1319,1
Purchasing,45981240,920,2
Purchasing,122012139,626,2
Human Resources,240913069,108,2
Management,523319914,1155,1
Human Resources,823424724,1647,2
Purchasing,542853962,1146,1
IT,762506202,113,1
Marketing,577123230,1053,1
Sales,414308732,370,2
IT,866058496,1725,1
Management,113399923,1355,2
Marketing,600584460,790,1
Human Resources,171803120,1716,1
Finance,81564736,1769,2
Accounting,433557002,371,1
Marketing,910654179,1110,2
IT,966499754,267,2
Management,994494186,1224,1
Research and Development,635695996,611,2
Research and Development,834713227,1605,1
Management,864975432,294,1
IT,93400545,269,2
Accounting,618668857,433,1
Sales,688577476,373,1
Operations,106812131,271,1
Operations,500815603,1424,1
Operations,534105342,1120,1
Sales,604246,1352,2
Operations,158350698,1649,1
Sales,574539173,109,2
Research and Development,404015571,904,2
Sales,403159809,1308,1
Accounting,876041971,886,2
Sales,688226057,949,2
Purchasing,824657964,966,1
Accounting,796438970,1653,1
Research and Development,600461758,1307,2
Sales,911609054,1168,2
Marketing,514310023,661,1
Purchasing,33725995,935,1
Research and Development,422063427,1508,2
Operations,39322522,1565,2
IT,56363167,377,2
Purchasing,913488906,259,1
Accounting,41788561,1567,1
IT,162806876,782,2
Human Resources,517966138,1113,1
Management,401942417,1507,1
Management,402600377,556,1
Finance,9018191,1618,2
Sales,850571101,1611,2
Sales,657230947,1595,1
Accounting,260251055,1133,2
Marketing,293756630,804,2
Purchasing,264805526,1217,1
Accounting,642347832,953,1
Human Resources,110893542,1185,2
IT,22860263,273,1
Marketing,20477398,880,2
Human Resources,681025549,1485,2
IT,408477908,1458,1
Sales,842216663,1598,1
Finance,607964914,185,2
Management,873284851,779,1
Management,632524967,936,2
Purchasing,217284175,1022,1
Marketing,126516588,1523,1
Research and Development,572080030,758,1
Accounting,67200780,749,1
Research and Development,404715914,886,1
Human Resources,599073823,1245,1
Finance,398745871,320,1
IT,363032794,939,2
Marketing,177320869,1071,1
Research and Development,401130231,1696,2
Purchasing,731703725,448,1
Human Resources,710834767,530,1
Accounting,364845679,529,2
Marketing,105769572,794,1
Operations,505979458,822,2
Finance,562264922,999,1
Purchasing,745985354,355,1
Accounting,960707666,387,1
Accounting,794596013,748,1
Management,257726624,1487,1
Marketing,845113419,1432,1
Marketing,550056174,900,1
Sales,151509198,1592,1
Finance,179908053,1240,1
Human Resources,733349197,674,1
Operations,980965061,1440,2
Marketing,810470625,913,1
Sales,910964935,143,1
IT,163512955,1144,1
Sales,273029852,714,2
Human Resources,67283711,956,1
Purchasing,809404891,892,1
Marketing,938741505,601,2
Finance,341074989,1292,1
Purchasing,252780314,202,1
Purchasing,95382442,709,2
Marketing,592202654,1238,2
Operations,518902121,1228,2
Management,809676688,439,1
Accounting,444159642,861,1
Management,192777681,527,2
IT,364601254,721,1
Accounting,449876820,262,2
Human Resources,61436472,876,1
Sales,645748194,471,1
Marketing,654018052,1323,2
Human Resources,365292668,590,1
Marketing,208319043,1267,2
Research and Development,673925006,1724,2
Research and Development,573165348,511,2
Human Resources,320724697,695,1
Accounting,138009937,1318,1
Management,20192367,1433,2
Human Resources,957132867,519,2
Accounting,646831739,968,1
Purchasing,255674878,453,1
Sales,482872997,1325,2
Marketing,577502643,671,1
Accounting,457017296,549,2
Management,603872279,408,1
IT,978079350,1386,1
Accounting,855417080,757,2
Accounting,265673440,790,1
Purchasing,991016610,1265,2
Marketing,96432783,700,2
Accounting,178029434,448,2
IT,649289113,826,2
IT,427600518,756,2
Accounting,374043109,1123,1
Accounting,86681793,1511,2
Purchasing,873206745,289,2
Marketing,139216942,224,1
Sales,293570118,1300,1
Human Resources,240573879,1323,1
Sales,981247477,842,2
Accounting,617908187,363,2
Research and Development,536813187,1343,2
Management,587826408,902,1
Human Resources,445486738,1535,2
Purchasing,364932138,1127,2
Operations,14712834,1795,1
Sales,178944940,1151,1
IT,131928124,651,2
IT,55649658,915,1
Sales,111806167,1733,2
Accounting,384698599,141,1
Research and Development,679677320,1699,2
Management,175982379,786,1
Management,891907664,436,1
IT,755714201,572,2
Finance,506330247,157,1
Human Resources,954495450,740,1
Finance,366209211,1503,2
Accounting,969420211,332,1
Finance,813663923,1082,1
Human Resources,812844959,1509,1
Sales,916474690,338,2
Research and Development,66617556,1558,2
Research and Development,260199806,1317,2
Management,767508569,1664,2
Management,730297121,1527,1
Management,449186747,106,1
Sales,6516679,818,2
Marketing,236195779,886,1
IT,555750924,998,1
Research and Development,618595909,700,2
Operations,863041239,305,1
Human Resources,235411214,1529,1
Research and Development,710595818,1355,2
Finance,799046457,317,1
Finance,732712205,105,2
IT,50741682,1433,2
Sales,610453073,481,2
Human Resources,573728904,190,2
Management,940447603,986,1
Management,859805468,362,2
Marketing,199654757,1653,1
Accounting,954838263,325,2
Accounting,249871438,838,1
IT,502168908,533,1
Purchasing,523519002,688,2
Purchasing,46014186,1773,1
IT,54175390,321,1
Human Resources,640481868,1716,1
Operations,483543315,1265,1
Marketing,317046125,270,2
Accounting,345779653,723,2
Marketing,971592514,217,2
IT,63556474,794,2
Operations,511627817,964,1
Human Resources,594235613,1476,1
Research and Development,99710999,1121,2
Human Resources,381338777,955,1
Research and Development,810817458,645,2
Accounting,503512317,380,2
IT,995234688,405,2
Finance,255577592,690,1
Human Resources,146023362,1016,1
Finance,565860387,489,2
Operations,656777923,131,1
Sales,579617396,1272,2
Accounting,936969098,198,2
Sales,647313854,748,1
Management,842775658,848,1
Accounting,123803752,878,2
Sales,386515684,1044,1
Research and Development,436449188,366,1
Operations,777984803,532,2
Accounting,786582311,1664,1
Management,421620391,469,1
Marketing,473034703,901,2
Sales,529439186,1323,1
Marketing,8596466,318,1
Marketing,449833027,1164,1
Purchasing,536550534,1657,1
Sales,807328074,597,2
Management,614491192,992,2
Finance,341212860,1655,2
Finance,409889096,731,1
Finance,971405034,760,1
Sales,24194311,313,2
IT,870871727,1065,1
Marketing,561767494,228,2
Operations,185496318,555,1
Marketing,506554554,425,1
Purchasing,159654560,457,2
Purchasing,135701232,911,2
Purchasing,346861026,853,1
Marketing,603739850,636,2
IT,719136015,635,2
Purchasing,489844660,779,1
Human Resources,145793709,928,2
Marketing,981323655,267,1
Sales,237982452,623,2
Research and Development,341535683,915,2
Management,779216404,1726,2
Marketing,23040816,1155,2
Research and Development,511911962,1304,1
Marketing,669166155,276,2
Sales,849459986,981,2
IT,756374564,1199,1
Human Resources,34841220,563,2
Human Resources,758522570,1701,1
Human Resources,801399332,318,1
Operations,585985921,511,1
Operations,585794565,1546,2
Human Resources,637247748,469,1
Marketing,793438326,1454,2
Research and Development,531468476,1571,2
Marketing,859499445,1061,1
Sales,710506262,1130,1
Operations,368123803,477,1
Operations,836602304,1768,1
IT,275685545,819,1
Finance,16851151,1501,2
Research and Development,161457839,1419,2
Finance,977344330,978,2
Finance,491079753,329,2
Purchasing,158833568,936,2
Finance,739209058,202,2
Accounting,827394899,1069,1
Research and Development,622941761,707,2
Marketing,803029152,1343,1
Purchasing,954497684,552,2
Finance,103692978,354,2
Research and Development,513633886,871,1
Sales,307735778,360,1
Sales,608451701,240,1
Finance,919250327,432,2
Operations,478608929,1273,1
IT,969515613,1119,1
Sales,19415914,1185,1
Research and Development,902799116,1596,2
Operations,467469920,191,2
Management,520525356,1112,2
Accounting,909180282,1398,2
Sales,565269015,369,1
Sales,275793079,1796,1
Accounting,811303638,1753,2
Finance,321220962,593,2
IT,87458497,1044,2
Sales,206470602,1081,1
Research and Development,293669331,1148,1
Research and Development,185958657,1577,2
Human Resources,99659247,801,1
Research and Development,522223730,621,2
Finance,424384213,886,2
Accounting,172174122,1779,1
Human Resources,913553912,1519,1
Management,882933895,1411,2
Finance,669407309,526,1
IT,927180420,1074,1
Finance,262061636,1249,2
Finance,96176116,1496,1
Sales,938316972,1759,1
Sales,799203847,1790,2
Management,564674394,1528,2
Management,487174834,706,1
Management,898530950,450,1
Human Resources,841699957,1728,2
Research and Development,235204189,1520,1
Accounting,173578995,343,1
Purchasing,687692346,1122,1
Finance,467821169,1409,1
IT,557330767,371,1
Purchasing,603762455,1589,1
Finance,353130024,926,1
Research and Development,630283344,1588,2
Finance,998324564,869,2
Finance,761914459,434,1
Accounting,706439630,1591,2
Research and Development,941464066,806,2
Marketing,17107746,977,2
IT,863789076,1614,1
Management,380885674,656,1
IT,133102345,514,1
Research and Development,662838356,839,2
Purchasing,261596462,483,2
Management,27319103,1244,1
Sales,213019311,1067,2
Finance,626255023,1599,2
Marketing,161328268,536,1
Marketing,204885846,354,2
Accounting,53879989,856,1
Accounting,415552660,1547,1
Operations,507248741,1536,2
Sales,603553959,701,2
Marketing,510780578,985,1
Research and Development,363834535,449,1
Human Resources,370832533,691,2
Accounting,318816149,1462,2
Marketing,643050138,913,1
Operations,384769242,1660,1
Management,346581056,877,1
Sales,15085897,238,2
Research and Development,601717878,1673,2
IT,4000122,1410,1
Research and Development,384042226,162,1
Purchasing,200515040,1488,1
Sales,34383805,1383,1
Marketing,47530616,223,2
Operations,210156368,1432,1
Finance,775826945,575,1
Human Resources,837613994,1533,2
Management,204757162,315,1
Research and Development,407954475,879,1
Management,825979220,513,1
Operations,270048590,1330,2
Human Resources,932959735,754,2
Operations,119596807,105,1
Human Resources,305984906,379,1
Marketing,800840343,1464,1
Management,11938062,1450,2
Finance,647126033,569,2
Operations,874252972,879,2
Finance,622828754,1689,2
Purchasing,532440664,1759,1
Accounting,83560514,568,1
Human Resources,653037862,1609,2
Human Resources,386215957,259,2
Purchasing,13225843,1466,2
Accounting,222868803,1526,2
IT,668141922,390,2
IT,236328158,961,2
Management,527857350,134,2
Research and Development,445978827,1422,1
Sales,520623841,609,1
Sales,710295948,904,1
Sales,911306894,1363,2
Research and Development,416719694,372,2
IT,363010701,1289,2
Finance,620430558,1140,2
Marketing,290738443,431,2
Management,521647721,1327,2
Human Resources,530549562,1428,2
Finance,584639160,1551,2
Marketing,967810772,1586,2
Accounting,553098064,1423,2
Management,191552653,1594,1
Sales,993426052,713,1
Finance,334897188,284,1
Operations,757402167,1523,1
Marketing,165861617,1320,1
IT,205291047,1640,1
Operations,753600583,1102,2
Sales,862202365,902,2
Operations,240611837,692,1
IT,260303237,1513,1
Marketing,665436950,179,2
Accounting,385229893,832,1
Marketing,615560767,1053,1
Research and Development,490223713,642,1
Human Resources,770520024,1719,2
Accounting,415678571,729,1
Research and Development,515202639,1725,1
Accounting,662903290,1147,2
Management,475963176,301,2
Marketing,317817949,1174,1
Management,151993288,1484,1
Management,145188937,1388,1
Finance,186483326,1610,2
Management,838969127,1524,2
Human Resources,651061,1333,2
Accounting,156279920,148,1
Finance,631965000,1787,1
Management,349549471,106,2
Marketing,828518882,1238,1
IT,239689644,1366,2
Sales,934070126,700,1
Sales,744062976,1155,1
IT,364176874,1246,1
Operations,671191239,1281,1
Marketing,346571351,322,2
Marketing,399145904,1205,2
Marketing,920744055,1347,1
Marketing,586106044,359,1
Human Resources,7796307,446,1
Research and Development,806208860,1278,1
Purchasing,497219360,1326,1
IT,845792918,738,1
Marketing,503524496,318,1
Marketing,75441143,1060,1
Human Resources,781510589,167,2
Purchasing,141901817,654,1
Human Resources,618790411,1633,2
Accounting,200007665,717,1
IT,875793414,1219,2
IT,642518764,1624,1
Operations,266747460,687,2
Accounting,898074687,1709,1
Accounting,846157233,458,1
Sales,839867771,516,2
Marketing,669464159,1453,1
Finance,790684533,1799,2
Marketing,811387291,1122,1
Accounting,909611033,1255,2
Research and Development,702403634,623,2
Sales,660754180,1110,1
IT,721604086,341,2
Finance,341952609,1035,2
IT,789627114,923,1
Research and Development,840305132,768,2
Human Resources,412172913,993,2
Human Resources,714202226,1397,2
Marketing,569810041,332,1
Operations,501612544,223,2
Purchasing,483094241,753,1
IT,378923630,1705,2
Human Resources,788384655,1123,2
Accounting,671441295,1451,1
Management,553499828,910,1
Marketing,948104721,128,2
Finance,608635425,873,1
Human Resources,486172197,578,1
Sales,974295358,1686,1
Accounting,171078682,279,2
Accounting,727265769,754,2
Marketing,136238900,283,1
Sales,92057417,1383,2
Purchasing,688695892,737,1
Accounting,426998863,548,1
Finance,525589537,1107,2
Operations,472993615,1647,1
Sales,432108865,1100,1
Accounting,588763163,1658,1
Operations,508779662,1537,2
Operations,959980735,1195,1
Sales,303415387,277,1
Operations,806111418,1624,1
Finance,65665738,1738,2
Marketing,610497638,102,2
Human Resources,657188708,1386,1
Operations,617147601,1001,1
Sales,966781569,1059,2
Operations,442227259,1017,2
Research and Development,479523761,174,1
Management,882151558,1547,2
Operations,560085558,492,1
IT,974579196,565,2
Operations,206356193,1113,2
Human Resources,301890988,1137,1
Sales,667945932,535,2
Human Resources,939316466,860,1
Operations,999573112,203,2
Operations,797867009,559,1
Research and Development,824510169,1472,2
Management,148564508,1478,2
IT,611868355,864,1
Research and Development,696224889,1393,2
Research and Development,929915021,831,2
IT,218726970,1273,2
Marketing,766304522,1555,2
Finance,618681205,755,2
Finance,252255707,163,1
Accounting,666895191,1337,2
Research and Development,458412400,1697,2
Accounting,72028450,1151,2
Human Resources,481487877,1435,2
Management,569356465,1319,2
Marketing,211227850,1511,2
Human Resources,185725380,1602,1
Human Resources,740294224,846,2
IT,381909609,243,1
Human Resources,806186385,1535,1
Human Resources,60234692,281,1
Marketing,26097944,757,1
Research and Development,748796606,681,1
Operations,450552961,515,1
Research and Development,107963576,663,2
Operations,865007729,786,2
IT,24529500,391,2
Management,582875550,838,2
Sales,549878272,623,1
Marketing,789415892,902,1
Sales,451463870,510,1
Management,72341088,200,1
Marketing,801164816,722,1
Accounting,173087535,1108,1
IT,357564438,793,1
Research and Development,529779762,160,1
Management,781119885,1190,2
Marketing,170541086,404,1
IT,65128353,1582,1
IT,926316189,696,2
Finance,963145134,1323,2
Human Resources,340460184,247,2
Finance,893615080,809,2
Management,348732805,799,1
Accounting,990912654,377,2
Accounting,74548574,211,2
IT,318746328,878,1
Management,469941819,1443,2
Purchasing,847297469,368,2
Research and Development,439729468,156,2
IT,89380022,147,1
Sales,431814239,1231,1
IT,602694325,1302,2
Sales,734192954,320,2
Research and Development,752782155,1754,2
Research and Development,677280230,526,1
Marketing,687407171,1358,2
Marketing,519910036,880,2
Finance,189638722,1668,1
Purchasing,816235473,463,1
IT,170996828,1385,2
Sales,157645811,1744,1
Sales,267405396,1789,1
Accounting,135255769,255,1
Research and Development,541162384,348,1
IT,131485472,264,1
Marketing,730851038,1248,2
Research and Development,788336604,1534,1
Operations,782892653,516,2
Finance,552615212,1330,2
Sales,468236119,1488,2
Operations,401629554,966,2
Purchasing,905246789,955,2
IT,148243416,948,2
Purchasing,622347910,1043,1
Accounting,393787196,882,2
Accounting,912373274,981,2
Research and Development,380216720,262,1
Research and Development,200471606,687,1
Management,173294571,1132,2
Human Resources,853122321,907,2
Human Resources,338718150,799,1
Human Resources,723563710,1182,1
Finance,692083601,887,1
Purchasing,887519201,949,2
Research and Development,826517064,1684,2
Research and Development,217357100,1270,1
Research and Development,276187141,451,2
Purchasing,812787186,1478,2
Finance,554005968,1194,1
Operations,127730801,779,1
Sales,796784746,589,1
Sales,18848070,466,1
IT,993999284,1560,1
Finance,757197912,265,1
IT,941500639,1099,1
Operations,735656615,583,1
Research and Development,834020708,793,1
Human Resources,415385135,291,2
Accounting,765531524,1756,1
Finance,563215201,1345,2
Purchasing,779506239,487,1
Finance,416679141,1303,1
Accounting,576050038,838,2
Operations,392297018,1204,1
Operations,102863988,514,2
IT,761634909,412,1
Research and Development,103394295,1744,1
Sales,84427380,335,1
Human Resources,803717434,1709,2
Operations,263513883,492,1
Marketing,246437490,1794,2
Finance,552946610,466,1
Marketing,966790499,950,2
Management,829268143,394,1
Operations,969870663,336,2
Accounting,552655864,743,1
Accounting,346879595,696,2
Accounting,912494203,949,1
Research and Development,779669196,1421,1
Sales,516151642,570,1
Research and Development,933189676,167,2
Operations,311848993,1405,1
IT,647407938,340,2
Marketing,380524256,126,2
Research and Development,624282259,490,2
Human Resources,479293144,1100,1
Accounting,251136284,1723,2
Purchasing,808528200,1008,1
IT,810743353,1736,2
Operations,562919929,1439,1
Operations,970886294,279,2
Sales,961946449,312,1
Sales,204168977,944,1
Human Resources,642298017,314,1
Management,836478392,693,1
Management,228516594,657,2
Marketing,61792000,1536,1
Accounting,499449371,202,1
Research and Development,104153044,194,1
Management,790509958,834,2
Marketing,463555364,1417,2
Management,393784643,1448,1
IT,554078861,391,2
Human Resources,455055133,1406,1
IT,283479975,1264,2
Marketing,811269311,224,1
Marketing,192147469,617,1
Operations,894717289,159,2
Accounting,844058149,451,2
Accounting,480110155,967,2
Human Resources,793890401,1169,2
Management,383859832,254,1
Management,705230745,1100,1
Marketing,722987066,759,1
Management,510247483,1296,1
Purchasing,611356766,889,2
Operations,617532414,562,1
Human Resources,875240539,1624,1
Sales,965952292,849,1
Marketing,209631540,1692,2
Marketing,923479853,1539,2
Management,944653465,862,2
Accounting,891677510,955,2
Sales,390979641,1170,2
Management,839088751,685,2
Marketing,720927622,325,1
Research and Development,425452764,639,1
Human Resources,64487485,325,1
Operations,943833504,130,1
Sales,582623488,922,2
Marketing,590924427,1653,1
Management,953858814,757,1
Management,783886690,1788,1
Research and Development,226426579,1202,1
Sales,386465177,224,2
IT,309269783,778,1
Sales,322811754,728,2
Management,464173937,1616,2
Management,770035766,1020,2
Research and Development,776147435,250,2
Purchasing,935185056,1465,1
Purchasing,789519254,636,1
Human Resources,637735416,737,1
Operations,602669571,1710,2
Marketing,521771899,1116,1
Operations,554252848,115,2
Research and Development,246401076,1779,1
IT,127591438,1074,1
Human Resources,218845182,1531,2
Operations,900946740,645,2
Purchasing,22847404,1012,2
Purchasing,514054751,504,2
Research and Development,681906989,659,1
Marketing,39182855,559,1
Finance,931568810,1131,2
Research and Development,220447270,1225,1
Purchasing,360482591,236,1
Sales,254855468,701,1
Human Resources,628294847,170,2
Purchasing,274104619,1430,1
Purchasing,234800681,562,1
Sales,287493292,1521,1
Finance,357578423,1402,2
Human Resources,496286873,384,2
Management,369034587,1239,2
Accounting,947227996,1786,2
Management,38168912,243,2
Finance,709063716,894,2
Marketing,229084627,1487,2
Finance,659085360,727,2
Operations,821050013,681,1
Accounting,779416962,1794,2
Accounting,254852297,440,2
IT,54074289,1704,1
Human Resources,704014353,1247,2
Human Resources,285960550,544,1
Research and Development,114387064,823,1
IT,600532284,1525,2
Finance,893252660,447,2
IT,589314463,235,2
Purchasing,380012696,252,2
Operations,818919105,181,1
Human Resources,754493989,651,1
Finance,608858835,1076,1
Operations,102522788,971,1
Management,931251968,141,2
Accounting,498732927,1202,2
Research and Development,330584856,875,2
IT,126063735,1321,2
Marketing,518991078,1342,1
Purchasing,330660530,1425,2
Human Resources,594195910,1319,1
Management,965869824,190,2
Purchasing,705283401,431,1
Management,229231934,654,1
Marketing,337778604,516,2
Human Resources,671367032,1153,2
Research and Development,751500765,171,1
Management,441159503,623,1
Marketing,98384385,1093,2
Sales,257663258,765,2
Human Resources,953470949,1080,2
Finance,608335097,894,2
Marketing,720970810,1631,2
Purchasing,824727930,1166,2
Finance,859216471,951,2
Finance,12984557,322,2
Management,171485912,1730,1
IT,504151132,488,2
Finance,361050750,1252,1
Purchasing,700569594,1675,1
Human Resources,74571975,1541,2
Operations,579611759,1693,1
Accounting,979585309,1541,2
Sales,824082811,1731,1
Research and Development,940942727,987,2
IT,209717287,647,2
Accounting,988369681,1429,2
Marketing,282730027,966,1
Finance,219017473,581,2
Marketing,480345537,262,2
Human Resources,632032042,1437,2
IT,306501213,364,1
Accounting,413723237,988,1
Marketing,167141710,1174,1
Sales,159192054,369,2
Sales,213006515,405,1
Accounting,573924443,1782,2
Operations,110507006,268,1
Research and Development,704325662,994,1
Accounting,656836398,154,1
Research and Development,659937505,649,2
Sales,355790105,261,2
Operations,208299788,265,1
Management,543752553,134,1
Accounting,598464259,432,1
Management,617965920,1087,1
Management,180330455,624,1
IT,614854600,1207,1
Marketing,972425502,1322,1
Research and Development,446802164,827,1
Accounting,224664552,1716,1
Purchasing,92879603,134,1
IT,505082366,1061,2
Accounting,949665841,1577,1
Purchasing,32899566,811,2
Purchasing,620957099,310,2
Operations,1669410,1594,1
Research and Development,882628562,323,1
Marketing,81528178,1126,1
IT,248329647,571,1
Marketing,6731546,1443,1
Purchasing,826830108,1178,1
Marketing,504595146,199,2
Purchasing,847779650,213,2
Marketing,979270523,1419,1
Human Resources,670438592,911,2
Management,560088019,1211,1
Management,777153352,1031,2
Sales,196402133,813,1
Research and Development,987807845,1668,2
Management,701623578,518,1
Research and Development,274751976,1760,1
Purchasing,746041893,1785,2
Accounting,265525145,113,1
Operations,988586563,1396,1
Marketing,254492631,1513,1
Finance,228221243,271,2
Accounting,26135425,145,1
Purchasing,46079613,1195,2
Accounting,157156887,1761,1
Operations,331089093,720,2
Sales,860192445,708,1
Marketing,929859887,968,2
Human Resources,432972946,1047,1
Research and Development,920285679,717,2
Marketing,144748047,1621,2
Sales,878376326,1172,1
IT,495786139,211,1
Purchasing,663416631,1640,2
Research and Development,231655375,1018,1
Research and Development,610789131,1194,1
Operations,184640608,1608,2
Accounting,531286451,1191,2
Sales,381924251,1672,1
Accounting,376262990,1597,2
Human Resources,931948034,1577,2
Research and Development,138582549,1513,2
Operations,715377893,479,2
Management,266486335,1333,2
Operations,396626842,905,2
Finance,6741700,1693,1
Research and Development,561994094,1083,2
Sales,467596485,789,2
Management,632756901,1574,2
Sales,951142331,1178,1
