start_date,over_date,summ
2012-12-28,2000-06-22,9519549
1998-01-27,2009-10-14,299760373
2009-12-16,2013-01-15,7503274
2015-04-11,1998-05-06,627681566
2004-01-02,1993-02-15,329412176
1999-03-19,1998-05-05,55697598
1990-12-16,1995-05-31,947915631
2014-04-14,2001-08-16,781713091
1993-03-13,1990-04-24,806477464
2021-08-04,1993-07-02,712331694
2003-03-07,2009-07-11,86901583
2001-12-27,2000-03-08,687691262
2009-12-13,2015-08-03,551932313
2013-04-27,2008-09-15,238419839
2015-09-25,2005-03-13,881457173
2013-03-30,1995-04-18,668819580
2000-08-29,2017-04-25,119087103
1996-02-28,2012-07-09,62220893
2010-10-11,1991-07-09,898700601
2008-09-22,2015-05-27,952706470
1994-08-18,2004-10-22,29198156
2019-12-01,1996-04-26,99236038
1992-10-01,2001-01-13,131158534
2016-12-13,2005-03-28,763708523
2019-12-14,2009-04-11,261518565
1993-10-14,2016-03-31,67179591
1995-08-24,2005-06-18,980915737
2005-03-23,2016-11-13,750026021
1993-06-19,1998-11-18,964750996
2012-01-09,2021-07-20,273265360
2006-10-02,1999-11-30,921814261
2004-07-03,2003-01-13,676574073
1998-06-28,2014-11-06,104923942
2003-10-23,2002-04-24,954683508
2002-08-05,2001-07-11,640753567
2010-07-26,2018-10-13,312960332
1992-06-08,1999-01-07,792666491
2018-05-05,2016-03-19,369097147
2014-12-16,2001-06-12,188456434
1994-02-12,1999-08-10,843981932
2009-08-10,2011-10-29,354061746
2004-07-19,1990-05-01,322922611
2008-05-05,2004-08-01,657602020
2008-01-21,2015-02-28,751270873
1996-04-03,1998-09-30,983794954
1999-12-11,1992-10-06,862794408
2006-06-21,1997-07-01,586115538
2003-04-21,1992-03-05,827363779
2003-08-25,2000-08-12,851206390
1991-03-31,2007-05-09,726064334
2018-09-19,1998-02-01,423441866
1990-09-13,1999-10-15,633192338
2018-09-25,1991-10-08,828711009
2011-03-23,1999-11-09,21956698
2014-01-26,2002-08-03,776966009
2018-06-29,2004-02-08,570596585
2009-04-23,1994-09-17,772571623
1996-10-10,2011-12-02,404209350
2021-05-02,2013-02-09,125067896
2020-09-28,1993-05-20,866572256
2006-02-17,1998-02-01,240788810
2019-11-27,2020-11-18,752299971
1990-07-06,1997-08-20,280727794
2008-04-19,2003-10-31,599513716
1997-01-21,1991-11-29,579055822
2007-10-30,1990-02-13,102782648
1998-06-21,1990-11-16,837359777
1991-05-01,2006-02-06,431441386
2015-08-15,2013-09-24,272316060
1990-05-18,2018-08-20,469528182
2017-04-23,1992-05-30,152413991
2006-12-21,1992-10-31,622223259
2014-06-10,2008-10-29,346400912
1991-02-14,1999-11-11,56603044
1998-03-31,1999-03-01,22921584
2008-01-31,2011-12-22,245455363
2012-10-30,2011-11-27,912122510
2009-04-03,2013-11-13,178692875
2001-05-23,2009-09-12,847522085
1996-08-23,2013-08-15,653505675
2006-08-06,2012-11-19,29651321
1995-02-06,1996-11-14,404340205
2015-04-29,2006-12-31,149251019
1999-01-07,2019-07-02,866566080
1997-09-28,2010-08-26,558843612
2017-03-29,2007-05-11,344641838
2006-07-28,1994-06-15,743063151
2016-02-21,2003-07-16,912070025
1996-08-13,2001-04-09,178102711
1999-11-13,1999-02-06,658310200
2005-04-30,2004-02-24,363215427
1993-04-27,2012-04-19,61333240
2006-08-05,2021-12-25,765947749
1994-06-11,2005-06-17,619154071
2005-02-27,2003-09-18,4163883
2017-01-27,2010-03-29,406044564
2003-06-19,2016-02-07,910489370
2001-06-26,2008-02-20,590852440
1992-09-05,2021-11-17,189354941
2019-01-27,2010-06-14,585305032
2007-12-19,2020-03-19,998638499
2012-06-12,2005-09-06,48784065
2013-03-22,2013-10-26,441793522
2012-02-01,2019-07-31,475724161
2009-08-26,2021-02-01,334784707
2000-04-01,2015-05-08,115249517
2009-06-25,2007-01-31,899346471
2007-07-13,1995-04-02,371015645
2021-02-18,1997-08-03,460163190
2006-12-01,2006-09-14,273107997
2016-08-23,2020-08-21,830226200
2016-09-14,1995-01-11,147507963
1999-12-19,1996-05-14,749431225
2003-11-01,2010-03-17,3696940
2021-05-12,1996-06-20,179146112
2003-11-11,1994-05-13,476015608
1993-01-26,2020-08-12,923536183
2007-03-03,2008-09-06,205805270
2005-02-24,1998-11-28,195841693
2011-05-03,2001-06-15,174057598
2006-04-07,2009-01-15,407721526
2011-10-11,1999-03-05,763200978
1996-08-30,1993-11-13,447926650
2009-10-29,1992-02-22,178059221
2021-02-07,2001-05-18,773369969
2001-07-17,1997-11-23,641041204
1995-04-06,1995-12-28,361592482
1999-02-15,2017-10-14,383403727
2017-10-25,1999-01-04,284488123
2011-08-23,2006-02-26,256485785
2005-07-06,2000-05-19,804193911
1996-11-28,1996-03-23,897468801
1996-07-09,2018-09-09,870347368
1997-08-15,1995-09-13,654305461
2003-09-24,1998-12-04,110309314
2017-11-16,2016-12-24,655559734
1996-10-28,1993-10-29,623182103
2013-11-23,2009-10-21,741883210
2008-09-15,2021-08-31,961843612
2009-05-08,2002-06-28,934529580
1998-02-14,1998-04-15,375959580
2009-08-15,1995-11-22,513360344
1997-06-08,1998-05-24,535115989
2005-01-02,1991-08-18,143889445
2017-05-26,2000-12-14,907114815
2021-01-03,1999-03-04,403093528
2001-12-28,2014-10-02,758401710
2008-05-13,2014-11-10,27535099
2021-05-18,1993-12-07,497828793
1999-10-29,1998-06-26,208711907
2006-12-08,1999-06-28,689146650
2021-09-17,2011-01-25,480783488
2019-03-08,1999-09-14,434920563
2009-02-21,2010-04-21,942882842
2014-10-28,2014-03-04,462990622
1997-01-24,1994-11-27,806251513
1994-11-01,2009-09-05,266899785
2020-11-12,2017-03-12,222907769
2010-05-11,1994-05-25,615633656
2020-08-05,2007-04-04,649688759
1990-12-11,2002-04-28,842678971
2013-08-13,2017-03-26,874791662
2020-10-18,2016-02-06,860637430
1999-11-28,2000-12-07,60563709
2011-10-04,2016-09-28,675005214
2008-11-13,1995-09-08,595909799
1999-03-29,2017-03-07,804628507
2018-01-12,1993-07-20,714559890
1992-02-23,2017-02-18,393866284
1994-08-13,2004-12-30,83571109
2002-10-13,1991-08-03,170568535
2012-06-04,2015-02-08,156645570
2008-11-23,2021-03-03,199071738
2017-06-01,2015-07-24,222115343
2020-11-01,2014-02-05,625039075
2006-08-03,1997-05-30,435549235
2017-06-15,1996-03-18,102071005
1991-11-19,2003-03-24,361032615
2014-04-29,2012-08-07,201099051
1990-05-15,2011-01-03,355780107
2003-11-13,2018-02-05,782957306
2004-04-02,2015-01-14,976919146
1991-08-27,2018-05-18,442261823
1996-05-10,1997-05-29,88600260
1999-04-28,1993-07-07,908895627
2005-09-26,2015-03-30,510963350
1998-04-06,1994-08-16,44225011
2021-02-19,1999-06-07,731006665
2009-04-21,1993-12-24,5126227
1993-10-22,1990-07-08,171038286
2006-06-21,2003-05-06,339502014
2020-08-15,2010-01-09,180048604
2002-02-17,2014-11-13,329356026
1991-04-23,2018-11-24,867295932
2015-02-11,2002-11-23,591788803
2017-03-18,2018-01-20,980249938
2019-08-27,2007-03-04,971471332
2006-08-19,1990-05-28,338821547
2013-02-19,2005-11-22,607459957
2021-03-07,2014-11-26,430923461
2000-03-16,2017-07-26,53172720
1991-08-11,2011-10-11,721641029
2001-04-02,2000-03-12,151519660
2017-03-07,2008-04-01,368843718
1997-02-15,2018-12-28,587686825
2008-09-03,1993-06-05,304756900
1998-11-06,2006-09-15,124046362
2010-09-08,2012-06-07,236944376
2007-01-17,2006-10-20,334601838
1996-04-18,1990-01-18,100354135
2013-08-12,2007-07-14,828429225
1995-09-09,2002-02-09,611565164
2001-11-02,2014-08-03,51196282
2006-02-28,2008-12-05,389264751
2013-01-11,2021-09-08,151994939
2017-11-15,2010-07-29,68563411
2000-01-25,2015-09-02,98465474
1996-02-02,2006-08-07,171223049
2016-03-08,2014-05-23,757669780
1994-08-16,2015-03-29,493589626
1992-07-28,2017-04-04,818106918
2000-01-07,2013-03-22,191404468
1999-03-29,2015-05-05,488226420
2021-12-17,2015-11-08,402451878
1998-07-05,2006-07-20,885520684
2014-06-14,2007-12-17,641040471
1999-07-07,2021-12-07,154051674
1997-01-09,2007-07-07,884848193
1991-03-16,1990-01-11,207630615
2011-11-19,1997-09-11,838058334
1991-08-09,2000-06-14,605361505
2003-06-18,1999-11-29,25844458
2020-03-15,2006-02-22,591233956
1991-03-07,1999-11-18,683391100
2008-06-23,2005-10-14,322251017
2008-10-30,1999-02-26,106306088
2006-02-21,2003-01-31,305359010
2021-03-24,2007-05-02,805686278
2017-11-21,2000-07-06,368616959
2018-12-09,2018-08-03,631352646
1995-10-31,2003-10-29,82029338
1996-04-14,1991-10-28,902983047
2008-03-07,1994-11-09,946762939
2001-11-11,2019-02-04,627746535
2017-04-17,2012-01-26,302210957
2005-04-21,1999-03-30,562279890
2020-04-12,2005-01-26,313940478
2012-12-15,2021-09-22,158680665
1995-01-26,1998-02-04,551064898
1996-10-13,2008-04-14,159886869
1998-08-22,2021-05-13,420608435
2016-07-28,1998-07-08,951171659
2009-04-27,2015-09-15,214997427
1995-10-30,2015-05-03,788055997
2002-04-23,2016-01-15,760318499
2011-01-18,2007-07-15,232358768
2008-02-07,1999-08-22,525062821
2012-02-05,2015-06-22,756720272
1994-08-22,2019-06-02,67388014
2018-09-01,1992-07-17,907714741
2020-10-16,2002-09-25,63880769
2010-03-06,1995-07-30,631924549
1996-01-20,2020-08-15,174394442
1997-05-17,2000-05-07,544653649
2010-08-30,2001-02-18,122982705
2000-09-05,2011-12-06,467192002
2005-05-29,1993-06-23,957601614
2009-08-09,1996-05-04,354270347
2005-11-06,2005-04-12,186079708
2003-08-06,2006-06-22,779611675
1993-02-25,2015-05-07,274209365
2014-12-13,2010-06-05,620467221
2020-08-11,1996-10-08,593357940
1998-12-05,1998-06-06,953136193
2013-09-19,1996-01-30,912371699
2015-05-09,2015-08-15,972986110
2019-03-16,1992-09-11,365398845
2011-03-17,2003-09-15,519046097
2007-08-17,2009-07-27,388232669
2012-03-02,1998-12-14,750556976
1993-10-10,2011-07-15,330214616
1993-05-23,1998-06-16,383028667
2006-04-28,1998-09-20,76130565
2021-12-20,1997-02-21,653099173
2010-01-01,2000-12-06,670508742
1992-11-06,1993-02-20,367323915
1994-11-22,1993-06-09,550897585
2000-07-30,1999-06-12,514728646
2002-07-17,2020-11-02,459791493
1991-10-07,2014-03-19,728102811
2011-06-09,2018-04-11,591557470
2019-07-10,1997-08-27,213069575
2012-12-05,2011-10-11,58303784
2008-08-07,2007-01-02,698280679
2004-11-23,1995-04-25,340119361
1999-01-28,1999-08-02,228355521
2015-09-28,2021-02-04,2644964
2016-07-15,2004-05-17,300701635
1996-12-26,1997-12-19,12869449
2014-10-04,2012-04-09,717563920
1996-06-30,1996-02-14,541941799
1990-05-21,1996-12-15,159629431
2017-02-10,2008-05-02,22157377
2001-08-09,2001-09-29,302498421
1994-02-06,2018-06-14,370870826
2014-11-03,2004-01-27,217620169
1993-09-17,2010-07-19,363259849
2019-09-14,2011-03-07,294970597
2006-10-26,2002-03-08,767047199
2002-11-09,2002-09-24,787863306
2007-07-24,2015-05-18,327434088
1993-07-12,2009-04-06,671380331
1996-07-11,2009-04-05,260715546
2003-07-12,2015-06-26,956374683
2006-11-26,2020-07-31,525003322
1998-07-18,2019-09-01,817278530
2010-03-13,2018-01-17,52253439
2005-11-01,2010-01-01,705427354
2012-01-30,1991-09-03,208556063
2004-12-14,1992-10-21,10279461
2010-02-23,2015-12-26,718607510
2004-05-22,2015-03-30,485871414
2014-01-02,2015-09-03,682761924
2011-06-16,2011-07-29,161597472
2003-08-04,1995-05-12,640186995
1995-01-23,2004-12-04,978229540
1998-02-02,2001-12-18,993716994
1991-02-03,1997-10-16,943860325
2017-12-10,2016-06-29,50023838
2003-11-01,2015-05-03,556465619
2020-07-17,1999-02-07,10996358
2013-02-21,1991-01-09,339076119
2010-10-20,2010-04-10,253890417
1998-05-01,2013-05-21,618007596
2012-05-21,1991-01-07,284157344
2016-10-31,2008-06-18,162363792
2021-01-09,1991-08-29,480997912
2007-04-19,1995-07-07,960812904
2012-08-13,1995-02-20,118754077
1997-09-22,2003-07-13,363410285
2004-10-07,2017-02-04,57805140
2014-03-04,1997-07-03,331024015
2016-11-06,2017-10-20,20098921
1995-10-10,2019-08-15,596740292
2004-04-15,1994-03-11,64619550
1999-04-28,2019-01-22,440282231
1997-11-30,2003-06-22,644736420
1998-03-12,2008-12-24,131460934
2021-07-09,2006-06-17,752410827
2011-05-22,2004-04-16,323650425
1995-08-31,2005-10-08,357728754
2010-05-02,2006-06-10,782267216
2013-01-10,1999-12-08,235014750
1996-12-18,2006-04-11,288659970
1999-12-19,2002-09-11,411608997
2013-02-17,2016-09-20,467754250
1995-10-17,1995-01-08,532264238
2001-10-26,1995-05-03,781368679
2000-08-16,2010-02-18,166426665
1995-08-10,2016-02-03,86603888
1991-01-03,1999-12-02,529315738
2008-05-25,2009-10-01,398195559
2007-08-03,2018-12-23,479672647
2017-07-15,2018-02-24,451726502
2016-06-29,2013-03-08,492481516
2014-05-16,2011-03-24,235400063
2018-03-23,1993-06-29,412903216
2019-12-27,2020-10-10,449177031
2002-04-28,1991-03-06,204217974
1998-02-23,2011-03-20,580948822
1996-05-16,1997-12-06,152797247
2017-09-23,2011-08-02,85836015
2004-03-10,1993-12-31,669321563
1994-06-18,2015-11-30,909680570
2019-07-08,1991-11-15,52871722
2004-07-18,2008-10-07,668155501
2004-12-28,2003-08-26,835393850
1999-04-01,1991-02-17,235645554
2010-01-14,2020-08-20,426178428
2019-09-11,2007-05-29,402622312
2021-12-21,1995-11-16,476535927
1992-10-18,2014-01-19,446962319
2014-08-18,1990-06-12,144484865
2001-02-09,2014-01-19,678335617
2018-07-31,2012-03-11,698301734
2007-06-27,2015-03-01,351888560
1995-12-09,1992-05-13,700748600
2012-03-16,2020-05-28,300054379
2000-11-11,2013-10-14,757177094
1999-12-18,1998-09-26,396468506
1990-06-10,2002-03-21,950628015
2003-02-01,2012-10-15,694196166
2007-11-26,2011-04-27,858508014
2002-11-15,2016-09-26,290055905
1999-08-22,2008-06-15,67612284
2003-06-12,2013-11-02,370200679
2013-03-29,2008-09-06,71366848
1990-12-28,2001-02-10,910457771
2017-12-06,2018-01-02,455431728
2005-06-01,1998-11-22,315645205
2012-11-26,1995-02-05,608107764
1991-02-15,1992-06-29,774906195
2015-10-12,2015-03-21,709104789
2013-06-19,2016-09-11,126073648
1993-10-29,2008-02-03,443257158
2002-03-22,2017-05-13,173941067
2020-12-23,1998-07-13,789861823
2019-03-14,2001-01-14,729303846
2003-06-20,1990-06-29,126690140
2003-09-07,2012-12-27,24681999
2005-01-09,1998-05-06,489469597
2014-02-24,1993-09-16,514085768
1992-12-21,2022-01-01,214816000
2007-05-17,1996-03-09,11533295
2004-01-10,1995-06-30,832570323
1996-02-17,2004-03-21,286937383
2016-01-31,2021-04-10,355356679
2011-01-20,2010-11-10,529950132
1990-11-04,2010-10-31,396048623
2014-05-08,1992-01-01,17467956
1991-12-24,2013-08-20,784245465
1996-01-27,2005-01-29,469210538
2017-05-06,2019-10-15,460091088
2008-11-27,2000-02-11,78586380
2011-12-01,2011-03-09,724983737
1992-04-21,2010-02-25,930455448
1993-05-16,1993-05-04,408055130
1996-09-24,2002-10-06,601317263
2003-04-07,2008-08-13,960013529
2013-09-03,1997-12-13,131961394
1998-05-23,2017-04-19,96365937
2000-07-27,2009-05-13,369006711
2007-01-20,2005-09-25,60012632
2016-12-24,2019-11-13,772317601
1998-11-12,1997-03-08,11974644
2006-06-13,1993-07-14,172539784
1990-09-29,1994-10-14,913318324
2017-09-07,2007-10-13,755928174
1998-11-10,1996-08-19,652435443
1996-12-16,2014-04-19,480187783
2018-04-04,1994-10-16,545725686
2007-01-22,2002-05-10,909015188
1994-12-18,2021-03-06,42745844
2001-05-05,2010-11-20,519370604
2009-08-08,1990-11-04,407097934
2007-03-22,2008-11-20,581479356
2018-06-02,2011-12-23,558454070
2001-08-27,2011-08-13,642871474
2014-08-09,2003-08-03,177262481
2011-07-22,2019-08-15,821212300
2017-05-26,1996-08-16,350829572
1990-03-15,1995-05-07,91827121
2012-04-02,1995-06-14,978756309
2000-01-19,2008-06-15,671323544
2009-08-17,2006-09-10,855203018
1994-11-06,1990-10-15,845158329
1997-11-04,2014-10-10,513257973
2005-08-08,1991-12-26,153093997
2013-06-25,2001-01-28,841968152
2002-08-10,2006-02-24,552872290
2011-10-25,1998-10-01,676858809
2020-04-12,2002-11-01,678196844
1998-02-20,1996-03-17,115183890
2020-07-25,2003-12-30,214306791
1990-10-06,2003-12-07,100725403
1991-02-15,1998-12-14,501404990
2017-11-11,1996-09-07,503147154
2008-07-25,2020-12-18,297387120
2017-01-22,2018-04-05,527901972
2012-01-03,1990-02-15,819939070
2005-04-22,2007-09-04,715250614
2012-03-14,1990-05-08,376875487
2020-01-19,2008-05-27,581356227
1999-04-04,1995-10-17,969050682
2010-04-17,2005-08-18,826480413
1993-02-13,2013-04-10,625214786
1993-09-14,2011-03-28,818107266
2018-06-27,1998-04-03,905584470
2011-12-22,1994-11-25,519434983
2000-01-24,1994-09-24,796515748
2016-03-27,2021-11-17,928848576
1996-11-15,1990-04-09,171619827
2008-05-23,1999-12-17,894073745
2013-03-22,2004-06-23,842333770
1996-07-26,1991-01-18,254706717
2006-09-07,1998-04-19,403043382
2007-11-05,2011-02-04,242700673
2021-01-31,2003-05-30,982103623
1996-10-30,2022-01-14,808941246
1997-09-04,2011-06-21,587881467
2008-12-13,1992-09-08,888285802
1997-07-28,1999-04-19,147642536
2014-12-09,1992-07-17,745239535
2012-05-28,1990-03-07,182472824
2017-09-28,1998-06-20,14260884
2001-05-29,1994-12-11,41103952
2002-01-11,1994-06-11,232945013
2018-09-18,2016-05-15,102501755
2014-11-09,2009-09-17,669836
1992-07-14,2005-01-05,783820218
2016-03-16,2012-08-25,379151100
1999-07-24,2004-09-13,528413626
2018-01-29,1999-02-25,374873615
2021-05-16,2009-02-03,869793858
2011-06-27,2013-04-29,295583090
1990-11-09,1993-03-09,723365620
1999-05-31,2015-07-27,72983305
2014-12-13,2010-09-27,231217526
2013-11-29,2005-04-27,692337520
1991-05-06,1998-06-18,543967264
2005-05-24,2000-12-30,35748500
1991-03-13,2018-12-06,218979874
2019-09-06,2013-12-24,807397154
1998-08-09,2007-07-10,993162212
2000-09-18,1999-03-15,631445142
2006-10-06,2013-11-12,881556807
2019-11-14,1992-06-11,750197893
2013-03-28,1997-03-16,549695356
2013-12-31,1992-04-26,145871569
2001-11-13,2001-03-06,491002588
2006-05-04,2004-02-18,313057060
2007-07-28,1991-06-13,211775085
2013-03-26,2004-07-25,955354126
2014-08-26,2002-12-30,2045464
2004-10-03,2001-05-06,304601490
2016-09-22,2014-05-29,22398699
2015-06-08,1999-05-12,948306085
2000-03-03,2010-08-22,652885636
2020-01-21,2009-09-14,826825571
2011-02-09,1991-08-26,253601392
2005-05-19,1994-02-28,268339019
1991-01-06,2004-05-31,153836655
1991-08-02,1996-08-10,926263499
2013-10-11,2008-08-31,72462046
1990-01-24,2000-07-16,280406524
2018-08-08,1994-07-26,99857466
2013-12-19,1990-10-19,384406284
1997-06-01,1996-07-17,766339199
2013-02-12,2009-01-31,339051990
2016-03-13,1991-06-29,227092049
2015-12-30,1995-01-29,308302075
2004-10-13,2016-09-28,856737882
1995-07-02,2012-10-01,706738335
2004-06-10,2004-09-24,135830379
1992-10-16,2008-08-18,69077280
2006-03-16,2010-07-23,271704028
2014-06-28,1998-06-03,821293225
2018-12-27,1990-02-12,768827013
1992-03-05,2011-07-14,248884210
2014-12-21,1993-10-30,336387507
2018-04-01,2019-03-27,447251748
1998-12-24,2021-06-16,909595019
2004-07-11,2000-08-25,756166149
2011-12-13,1991-03-08,611327386
2021-07-23,1999-04-04,701045153
2002-01-11,2012-08-27,872360889
1990-03-18,2021-03-11,498641941
1994-08-23,1998-09-05,541331021
2012-11-18,1990-08-19,24719954
1995-07-29,2016-01-01,555785888
2016-06-18,1991-08-07,422602836
2006-12-21,2019-07-14,909964333
2017-07-09,2014-11-24,26587609
2005-01-01,1992-09-16,920157247
1996-06-14,2020-08-28,74641633
2020-03-30,1999-12-29,40107161
1993-05-17,1994-09-15,139073657
1999-07-05,1997-05-01,762411008
1991-12-21,1998-05-09,784959536
2005-06-21,2010-01-01,458991551
1994-06-10,2004-03-12,534213849
2016-06-04,2005-10-27,452195437
2018-03-29,1999-03-07,801690903
2000-12-05,2018-05-30,97154943
2017-04-10,1991-06-25,583911198
2004-12-07,2019-01-21,866596286
2012-07-05,1996-05-02,90960689
2008-03-21,1993-07-25,326091564
1997-12-17,1990-04-12,902455697
2010-01-28,2013-05-16,158835615
2020-08-18,2021-08-25,100652618
2005-07-30,2000-03-18,983282095
2005-07-20,2000-09-15,958821922
2016-09-07,2000-02-05,854191661
2008-12-16,2016-09-26,382922415
2010-02-02,2007-12-02,328715797
1995-01-06,2015-08-04,579210203
1998-07-06,2012-01-07,85996212
2014-04-09,2021-12-17,280803390
2020-03-27,2012-06-02,294357029
2011-04-20,2016-08-10,429038624
2009-08-26,1991-09-15,722163878
1996-08-23,2010-12-31,975976123
1995-05-06,2020-05-27,857834550
2011-11-23,2011-04-22,442989485
1996-02-04,1991-02-11,394716528
2017-03-25,2010-10-12,381398389
1991-07-07,1994-06-26,486658492
2012-02-11,2021-02-04,336308936
2019-07-18,1990-11-10,708021024
2019-07-09,2009-01-24,156549612
1996-09-15,1991-07-23,453772251
2004-04-03,2005-12-19,847059821
2007-05-04,1994-02-16,216987750
2011-07-01,2001-01-13,679532264
2020-09-30,2001-11-07,291112323
2002-01-11,2003-03-20,932777688
2009-05-22,2011-08-08,681269142
1996-09-21,1998-01-20,938038229
1990-12-19,2002-01-17,422973623
1998-04-13,2018-08-31,889061937
1990-12-16,2000-09-07,390338519
2005-08-03,1993-09-06,753238181
2018-05-21,1998-07-06,544400903
2004-07-29,1990-09-20,394588828
2012-04-21,2016-03-10,294834565
2014-07-12,2012-05-23,395027759
2010-03-29,2015-10-17,283683629
2016-10-02,2018-09-09,143034975
1990-09-18,2004-09-21,608979673
2009-08-07,2006-03-01,809630927
2001-12-18,1991-01-31,712547522
2010-11-14,1995-01-25,182099437
2004-05-06,1993-07-03,610126887
1998-09-29,2017-10-11,937542322
1990-07-02,2014-10-25,325811501
1997-03-27,1991-11-25,695681183
2009-02-15,2004-04-24,963497533
1990-03-17,2005-03-04,12991847
2009-02-01,1991-07-12,306507181
2015-10-29,2002-04-16,266931987
2018-01-28,1992-02-19,535954359
2021-08-21,2014-07-31,502941881
2012-09-17,2018-12-20,972818384
2019-07-03,1996-06-06,497004868
2013-01-24,2002-05-24,329706188
2004-11-12,1996-11-12,446655912
2009-10-18,1992-02-28,570865087
2012-01-14,2011-10-25,19017528
2016-04-30,2019-03-19,628959263
2018-04-29,2009-07-03,615992687
1997-07-26,1992-01-31,693007668
1997-12-06,2013-10-10,362908095
1991-09-06,2020-08-06,229973710
2013-06-02,2015-07-27,756032216
2011-03-21,2001-12-04,772862169
1993-07-07,2021-08-08,915421365
2001-09-22,2016-09-12,336338863
1991-01-24,2013-03-21,909285714
2014-03-24,1992-03-23,301401159
2012-02-20,1993-07-28,747453286
2004-04-21,2017-11-30,923816851
2012-06-09,1996-07-27,211304572
2018-07-30,1998-11-21,33139014
2007-04-05,2012-04-05,525747467
2001-07-13,1990-01-20,538655918
1997-08-08,2019-12-20,98776593
2018-10-07,2020-08-25,524942361
2012-06-23,1994-04-24,919510882
2007-06-21,2016-11-28,726047310
1994-10-19,1995-11-12,157156711
1992-03-27,2007-10-15,272178218
1998-09-07,2017-12-03,440799535
1996-02-18,2003-07-27,447939662
2014-07-30,2013-06-11,904180356
2013-12-03,2011-05-22,547408108
2010-03-14,1990-05-18,525489993
1995-02-23,2008-01-13,525288407
2014-10-22,2009-09-26,497684888
2017-12-20,1992-06-30,588102964
2017-03-10,2004-04-06,191599648
1995-11-13,1995-12-05,386615683
2002-06-06,2018-07-09,55994716
1999-03-24,2011-12-01,663276143
2021-09-22,1996-09-29,303844485
1998-06-18,2021-08-22,316113095
2013-03-01,1996-11-25,962440490
2000-07-27,1995-10-24,109707751
2012-04-02,1999-12-20,22862447
2017-11-15,1999-11-02,796585942
2010-12-16,2009-05-30,435772947
2018-08-01,2012-02-01,47982040
1999-02-13,2009-07-20,734169871
1990-07-11,2007-05-04,179299466
1995-01-06,2002-05-17,91935197
2003-02-12,2001-11-26,594777182
1993-09-20,2004-09-21,948728500
2002-02-22,1996-01-05,186645676
1993-10-17,1998-06-18,294721353
1998-06-29,1998-04-04,51112089
2012-12-10,1994-02-04,833939550
2009-02-02,2011-01-09,830872890
2002-10-23,2017-12-02,936327232
1991-08-17,1996-04-09,242555735
1990-06-10,2004-03-21,391875158
2002-10-06,1998-07-22,955456030
2008-06-30,2014-09-16,463574651
2006-04-04,2013-01-26,517957960
2002-05-08,2019-04-06,622426564
2015-02-27,1991-09-08,392219302
2016-04-18,2017-01-17,160837756
2015-02-06,2004-12-10,161373640
2017-11-01,1991-03-08,103226281
2019-05-28,2004-04-15,182958187
2017-11-25,2020-10-10,327620153
2010-08-17,1996-05-04,177615683
2017-06-10,2004-06-20,345018760
2021-03-18,2019-03-11,170935890
1994-12-12,2010-07-04,469120500
2008-07-08,2002-11-04,900996445
1993-09-05,2005-09-14,726730589
2008-02-23,2014-09-16,743841039
1991-05-20,2006-01-22,253489887
1991-03-14,1998-05-04,470894206
2017-12-04,2014-04-07,426727237
2019-08-26,1992-12-10,182022832
2011-05-17,2010-04-24,413063584
2014-07-06,1991-04-20,799215506
1993-03-06,2018-10-10,921177601
2011-06-18,2001-11-05,685021165
2006-04-16,2011-11-23,967783268
2008-04-22,1998-01-08,965604105
2007-09-20,2019-01-23,685277325
2008-08-24,1991-03-26,604769004
2001-08-14,1991-03-26,798791923
1996-11-18,2012-05-04,384898033
2008-09-30,2019-08-08,119341735
2020-10-24,1992-11-15,448052206
2002-05-15,2009-08-26,251642773
2020-02-13,2014-03-19,578733875
1990-11-06,1995-02-15,160600648
1993-07-10,2003-10-11,605080994
2011-11-28,1990-08-30,553019370
2005-04-26,1998-04-03,335543716
1993-01-06,2000-10-31,259590392
1995-04-04,1995-03-30,891074582
2005-07-16,2000-05-17,625178262
1995-04-13,2002-07-27,619671128
2014-05-27,2014-01-14,287853053
1997-04-09,2003-11-10,928668318
2000-04-22,2015-06-11,345932812
1992-11-30,2000-05-12,133048091
1999-08-26,1994-06-17,677854837
1995-12-12,2003-12-26,124828678
2018-03-23,2020-06-16,489738686
2006-07-18,2004-12-31,124335070
1997-07-07,2012-11-03,426017291
2019-08-13,1994-06-19,434195529
1996-10-09,2012-12-08,990883003
2016-10-03,2005-06-18,538193027
1999-02-27,1998-11-21,554110276
2008-06-24,2004-03-12,871548504
1999-06-30,1998-03-23,766269957
2010-10-22,2019-05-02,942328993
2006-07-17,2020-10-21,667788137
1995-06-22,1993-10-10,273344898
1993-11-28,1997-04-05,677424424
2012-07-07,1992-04-26,931886940
2020-02-16,2018-06-28,332882778
2002-11-05,1992-03-26,950020461
2008-03-14,2017-01-13,395978445
2001-01-19,2019-10-06,224803986
2009-08-09,2021-02-15,233916257
2019-06-29,2009-05-11,10254955
1990-10-18,2014-07-26,85201493
2014-03-21,2020-06-12,123459388
1994-06-02,2011-07-15,724930589
2004-03-07,2013-06-02,236935313
1997-02-15,1993-01-02,379014185
2002-07-16,2017-07-11,351079217
2008-05-05,2021-07-01,926750375
1992-12-17,2001-09-23,450597941
1990-08-11,2018-12-11,698859453
2002-12-06,2007-05-23,797078152
2009-03-25,2014-01-31,946624963
1998-12-16,1994-06-16,485256881
2003-03-04,1993-08-05,983005782
2019-05-06,1993-06-01,542085055
2006-10-06,1990-05-25,237723257
1996-05-07,2020-08-17,804865654
1991-02-28,2002-11-23,23015995
1997-05-01,1994-07-01,820884681
1990-07-14,2010-12-09,192199552
1993-05-25,2007-02-12,257554591
2015-07-27,2013-07-07,769403790
1998-01-13,2010-03-26,213813975
2006-03-03,2017-09-06,964081344
2010-04-07,2015-12-03,21901337
1993-06-08,2012-11-30,356874404
2014-05-02,2000-06-27,845268490
2005-05-13,2012-01-28,172015542
1993-02-03,1997-06-08,989080570
2002-02-25,1997-09-10,325135928
1997-04-03,2007-08-14,927272330
2010-05-16,2018-12-23,571910080
1996-12-24,1991-05-12,52773176
2013-12-22,2018-01-12,950365197
2002-03-19,1999-11-18,185327859
1994-07-26,1997-02-26,220707223
2018-01-16,2010-08-06,647830488
2021-03-11,2012-08-13,836454605
2006-12-27,2010-08-16,459226608
1992-03-29,2007-11-02,489224525
1992-01-25,2004-07-16,74133559
2008-02-21,2002-01-14,574803539
2012-11-23,2011-09-21,401488887
2015-10-05,2014-05-06,569067529
1991-06-04,1991-12-12,927777221
2018-07-09,2017-04-13,580255880
1994-03-19,2017-10-20,617545767
2011-09-13,2010-09-08,291292871
1992-07-16,2019-10-04,245553157
1999-03-20,2005-10-21,625666297
1990-03-06,1992-04-15,598472679
2013-07-22,2008-10-08,90073782
2012-04-02,1996-03-04,689565788
2005-03-30,2015-05-08,72247713
2017-03-27,2019-02-15,964226982
2002-06-18,2014-10-02,984919301
2001-06-16,2000-07-05,24146627
2015-05-10,2010-03-22,405466927
2007-01-26,2009-04-30,999323186
2018-10-07,1996-06-05,617001804
1997-12-13,2008-09-21,514763438
1998-01-24,2012-02-17,97486070
1992-09-18,2009-05-25,842720704
2007-10-13,1994-05-24,4677406
2004-02-26,2020-12-19,686317865
2018-10-27,2009-11-08,817051835
2021-12-03,2017-11-28,606433516
1994-02-28,2019-05-15,97304444
2018-01-01,1994-12-04,552412108
2003-12-07,1991-03-05,924000861
2015-07-19,2015-11-23,757433921
2004-01-05,2008-01-05,629756916
1990-11-29,1994-06-04,40456057
2004-03-01,2015-07-26,213711987
2010-09-17,2015-08-23,581650783
2009-08-15,2019-05-20,540202111
2007-12-06,2003-07-12,919269872
2001-10-07,2016-10-08,84757545
1999-02-05,1993-12-03,413311365
2007-11-19,1995-06-04,140183856
2009-09-25,1992-02-11,587591341
2006-07-18,1991-03-13,92501177
2013-12-08,1995-09-21,215277206
1999-10-23,2019-04-08,414782493
2011-09-01,2017-12-17,553464950
2021-01-28,1997-05-11,861828853
1997-12-28,2006-10-28,195066495
1996-10-19,2015-10-29,384643176
1991-03-08,1995-07-11,796775682
1999-09-18,2021-10-24,813984041
2021-01-06,2013-09-01,292951905
1990-04-04,1998-10-09,904825876
2016-08-03,1994-07-01,909110348
2000-05-13,1995-04-04,680878368
2017-04-19,2003-11-14,133784204
1993-09-18,1999-09-22,832696494
2020-09-24,1999-02-28,640325371
1997-12-24,2000-08-14,688704320
1991-08-30,1991-03-22,527026370
2009-07-28,2009-10-17,119094112
1994-07-08,1995-01-15,969708899
2012-05-09,2016-02-23,185884457
1992-07-13,1992-08-22,986431065
2002-01-30,2020-03-09,377741130
1996-09-13,2008-01-11,648979833
1998-08-09,2011-01-19,350274340
2015-01-23,1994-05-24,564011826
2012-08-19,2017-06-19,639583184
1994-11-05,2019-10-02,776326660
2005-05-12,1991-07-19,154077303
2001-02-09,2005-10-01,909367799
2001-10-12,1990-07-05,424482292
2016-11-09,1999-08-01,21111621
2005-03-28,2015-06-09,495010770
2020-08-05,2004-02-10,907162449
2007-03-19,2008-11-15,700802237
1996-01-16,1997-08-23,12396774
2019-01-18,1993-12-23,45872632
2004-11-21,2012-04-04,916201489
1993-07-08,2008-05-18,647847163
2010-10-04,1999-10-13,244119503
2015-01-03,2007-09-02,776318235
2020-10-29,2021-01-23,285500328
2021-12-19,2021-07-22,977301571
2018-03-10,2001-04-12,694813577
1999-07-18,2017-04-02,888843794
2018-11-11,1996-09-24,800813040
2011-03-24,2012-07-13,837468475
1994-06-15,1999-04-06,355551826
2003-10-26,2014-03-02,169184601
2001-07-27,2006-10-15,892591459
2002-11-01,2020-01-20,338053180
2012-07-09,2000-07-05,289234124
1994-08-22,1993-07-11,690347865
2012-08-30,2014-09-30,239642249
2019-10-14,2010-01-28,834854943
2014-02-23,2001-03-05,514779376
2019-04-20,2011-05-19,834753227
2018-05-04,2016-03-26,776247130
1996-10-29,1999-05-20,597118580
1991-02-24,2002-01-10,393346093
2021-01-23,2021-11-01,537418314
1991-12-31,1995-12-21,775825817
2011-03-06,2009-08-24,680191135
2017-06-26,2000-11-18,706263422
1995-12-17,2010-01-01,119365335
2000-05-09,1997-12-10,4346815
2019-01-30,1995-08-28,522430877
2000-12-31,2013-07-13,161375560
1993-04-06,2015-08-14,912148200
2012-04-08,2018-07-17,675237223
2005-08-24,2021-07-15,807071944
2016-05-07,1991-11-03,534628473
1993-01-13,2018-06-02,205217318
2017-01-29,2013-01-03,20079948
2020-06-17,2000-02-02,997309808
1993-06-03,2012-06-14,584573005
2014-07-29,2006-02-23,145027652
1992-06-22,1991-08-02,482244170
2019-11-16,2010-12-09,882360598
2008-02-25,2002-07-02,159669749
2002-09-23,2011-06-21,221244314
2002-04-16,1998-04-07,272952065
2010-02-10,2006-05-10,588177023
2017-09-30,2010-04-26,123538731
1990-07-08,2012-06-29,342427229
2003-04-13,2000-10-15,825714747
2001-05-08,2000-02-18,516192550
2017-08-12,2019-06-09,836010188
1991-01-31,1990-05-03,581123518
2020-08-08,2016-02-16,609619778
1991-05-11,2017-12-08,160469147
2015-06-19,2003-10-28,156079683
2021-09-11,2017-03-03,89095320
1992-02-23,2019-06-19,408709483
1997-07-14,2009-11-12,651401677
1994-02-20,2019-07-09,24984912
2019-09-13,2002-04-14,690662375
2011-05-18,2000-07-28,715756323
2006-07-25,1995-01-10,11961551
2020-04-02,2014-08-09,815753406
2013-03-10,2017-04-03,625707121
2019-11-28,1992-01-26,678469479
2013-10-15,1996-03-15,753090767
2005-01-02,2005-10-30,901533052
2008-09-22,1990-07-08,338998960
1991-12-16,1991-03-22,993563412
2020-12-31,2005-11-04,453334047
1995-08-14,2013-08-23,836897803
2000-09-22,1999-09-05,589999968
2015-09-10,1999-08-30,218623594
2003-10-13,2000-08-26,178351401
1995-03-21,2003-04-25,910281962
2008-09-20,2013-02-11,417225204
2013-05-19,1993-11-27,455004586
2017-12-11,2003-04-27,483630600
2019-03-31,2000-12-23,762568842
2005-03-20,1997-09-17,5151823
1996-11-11,2008-03-07,195075029
2019-09-25,1994-10-15,641684703
1997-05-22,2007-07-13,312251001
2001-01-29,2016-08-25,615433367
2008-09-06,2011-07-02,158725686
1993-08-18,2005-02-01,996920823
1994-10-15,2009-11-07,864171965
2009-02-08,2007-09-03,194805160
2007-09-30,2010-01-05,275794285
2014-01-20,2007-08-22,838977488
2018-12-13,2012-11-15,445993249
2016-02-03,1990-11-29,912228830
2018-12-20,2005-06-02,867193516
2003-12-17,2000-09-09,448184842
2011-04-21,2007-12-20,913375240
2021-11-08,2021-12-30,70065144
2020-03-22,2004-03-25,578623293
1990-05-12,2016-03-03,913104939
1996-01-05,2019-09-07,345932734
2015-12-06,1999-06-02,18026222
2004-08-02,2006-10-21,862072308
1994-01-11,2014-12-18,223059752
2014-03-14,1998-10-07,722125860
2011-09-24,1994-05-22,315989484
2003-09-29,1995-09-02,866547990
1995-09-18,2019-10-21,810415737
2010-04-09,1999-09-14,372640592
1996-06-27,2011-08-14,533508239
1996-11-25,2006-10-16,586190582
2020-03-03,2017-05-10,516114482
2017-10-09,2005-03-28,627928908
2011-10-22,1999-06-27,57784104
2015-04-01,2016-12-14,151217680
1990-07-02,2001-09-02,166013878
2021-08-18,1997-03-12,41332358
2015-10-17,2001-10-19,533944765
2019-02-19,2010-02-05,144923306
2008-01-08,1990-12-14,448477423
2015-12-02,2009-11-27,319288107
2012-08-22,2007-01-10,628479856
2015-10-07,2009-04-06,854688136
2008-10-12,2002-10-22,153952702
1997-10-10,2012-06-26,657824626
1991-10-26,1992-02-03,504575598
2002-04-04,2019-01-20,441192603
1991-09-07,1992-11-05,478945936
1993-03-29,2017-03-24,326210112
2007-01-19,1991-01-23,67136879
2012-06-02,2020-06-21,644082784
2016-10-07,1999-07-06,13599821
2000-03-20,1998-03-31,526259280
2017-05-25,2010-06-27,549839067
1995-01-10,2004-01-06,775021828
1996-07-15,1993-03-06,28273099
2005-10-27,2012-01-08,378229345
2018-08-09,1999-10-12,132235902
2002-05-10,2014-02-10,492257415
2007-02-05,1997-01-01,881182218
2006-04-16,2020-02-20,28143240
2004-12-20,2012-06-16,133101743
2009-08-08,2013-05-05,749111526
2001-10-11,2013-07-25,667442255
1995-02-24,1997-05-04,262759926
2007-05-28,2002-09-15,197923183
1996-10-18,2012-10-25,248165136
2003-07-15,2018-05-06,445696864
1991-09-03,1998-04-14,288569853
2020-09-26,2005-01-27,285043718
2002-01-02,2014-08-05,296163921
2012-08-14,2017-05-30,171038005
1994-08-10,2021-01-18,845344234
1998-03-26,2005-12-24,627312580
1996-03-15,2011-12-13,748590064
2010-04-26,2003-11-07,241325027
2011-06-06,1994-07-25,326927112
1993-11-06,2021-10-20,214981987
2007-04-30,1990-07-22,776475454
2019-10-06,2002-08-03,500773119
1998-09-17,2011-07-19,845363164
2016-06-19,2013-04-24,778277473
1998-06-30,2019-05-07,898892673
1994-03-14,2019-11-13,685141177
1998-09-18,2000-09-25,226850794
1991-09-30,1991-08-23,228444482
2010-10-16,2017-05-06,255028178
2019-06-04,2004-04-21,265973803
2013-11-13,2009-01-03,338529145
2019-03-25,2011-06-09,825236525
1993-09-03,2013-05-19,45878058
1996-03-22,2001-06-25,112795290
1996-07-22,1998-07-07,648818821
1996-02-23,1994-07-12,400994189
2019-09-28,2015-12-28,708593541
1999-02-07,2000-03-02,888020080
2012-04-15,2012-08-13,108268084
2015-05-13,2004-06-13,945310614
2005-04-29,2013-02-24,152832389
2015-11-29,1997-07-07,969749495
2002-04-24,2012-04-18,913339523
1993-08-07,2013-04-29,301276968
1998-01-17,1997-06-16,703573746
2005-10-24,2013-02-05,742954266
1993-04-28,1994-03-13,868695094
2005-11-05,2017-02-21,537593185
1996-05-19,2017-04-21,393231950
2006-12-18,1990-07-13,550853284
2000-06-08,2004-10-11,163581863
2019-11-11,2007-11-25,479820509
2021-03-28,1993-12-04,899242179
1997-11-28,1996-08-29,748061884
2007-07-09,2013-02-13,495880741
2006-10-02,2009-08-16,370195088
1992-11-05,2020-02-09,190573034
2000-01-11,1996-03-15,685356185
2016-10-18,2015-12-22,773946968
2014-09-02,2020-11-11,526757741
2010-09-11,2001-12-07,665427033
1997-12-16,2018-01-08,999169067
2000-09-05,1994-01-14,5220468
1995-07-14,2015-10-03,969334191
2008-08-16,2008-12-09,323541808
2004-05-27,2020-09-11,72549970
2000-04-05,1992-06-28,435086840
2000-04-03,2010-01-10,462639350
2006-06-20,2004-12-22,318770200
2006-02-26,2007-05-29,658033090
2001-06-13,2001-07-01,82210375
2014-02-14,1995-09-10,375722283
1990-02-25,2020-03-24,607609506
2010-06-16,2005-02-13,301042997
1995-08-18,2002-10-04,356669389
1999-02-12,2007-04-04,431807105
2003-09-29,1990-06-05,53776315
1998-09-07,1993-10-19,413067397
1993-01-16,2000-01-20,307123652
2013-03-13,2001-11-09,141421342
2006-09-15,2016-08-21,192936575
1997-08-26,1997-04-22,525902739
1992-12-25,2002-03-02,769543778
2005-05-26,2007-10-05,475164860
1990-01-15,2011-09-24,84331510
2018-11-01,2016-02-27,929114592
1990-08-03,2007-02-22,171784556
2008-11-21,2016-06-21,975973259
2005-11-23,2003-05-29,148389026
1997-01-06,2005-02-19,591396499
2016-08-29,2003-02-02,328942770
2019-10-14,2020-12-15,326467182
1993-04-17,1991-09-07,817385801
2016-04-22,2020-11-28,478792485
1995-05-30,2000-12-16,137604826
2007-01-06,2005-03-17,567825075
2005-08-27,2012-05-17,953736160
2008-12-26,2019-03-07,355654902
1994-02-25,1999-02-27,76214021
2016-08-16,1997-07-21,699386590
2013-01-15,2016-06-13,807302954
2019-06-11,2014-12-20,467537393
1991-03-14,2006-06-18,985233610
2002-05-28,2003-04-13,329401691
2001-01-19,1996-09-01,259661940
1996-06-01,1998-10-19,224644817
2020-06-07,1995-10-08,654361412
2010-08-01,1997-02-10,686559929
1993-05-18,2018-01-25,182099804
2014-07-06,1992-02-15,519547916
1998-06-20,2015-08-09,146156122
2001-12-10,2014-06-16,914063344
2009-11-20,2021-12-08,694530819
2011-03-14,2001-04-28,235059561
2002-05-18,2011-08-05,71406947
2000-06-02,2012-11-07,13682670
2008-10-20,2003-05-08,846837574
1996-05-30,2016-10-18,428913863
2017-01-27,2006-01-29,609216863
1992-03-12,2007-02-04,418053991
2014-04-04,1991-07-11,383815298
1997-03-23,1992-12-31,884228516
1993-10-24,2007-09-12,810833672
1990-05-06,2008-11-28,999208872
2007-03-14,2016-04-18,946933967
2004-04-09,2012-12-13,209612947
2001-08-31,1999-07-09,424180787
2015-06-21,2004-12-02,905382720
2015-03-25,2018-03-17,129904726
2011-05-07,1992-07-19,802021406
2007-09-24,2004-08-14,907310826
2003-08-29,2002-12-04,658099764
2018-08-11,1993-10-27,731229666
2007-10-08,2002-07-31,357754600
1997-06-23,2005-10-18,362054167
2001-08-11,1995-08-17,203172411
2019-02-07,2017-06-05,444154552
1999-01-02,2019-01-31,274720322
1998-06-15,2005-03-26,104094775
1997-10-13,1990-06-22,115306095
2005-01-30,2010-12-01,997409329
2021-05-24,2006-10-10,610838831
2018-07-15,2012-10-21,475009103
2014-01-30,1991-09-27,796530266
2014-01-19,1996-06-09,139053750
2020-12-18,1991-07-07,223298084
2007-05-10,2018-04-06,668049602
1990-10-04,1993-12-21,980561699
2005-07-30,2009-10-24,228133262
2020-09-14,2021-06-25,804962745
2015-02-01,2016-07-31,213022848
1994-06-18,1995-09-11,803934948
2016-11-06,2000-11-07,655131418
2010-04-05,1995-03-30,510079304
2011-11-04,2015-05-31,307613989
2001-06-04,1997-10-28,888303488
2012-07-17,2005-11-14,207059065
2008-11-04,2000-04-17,116244159
1992-05-04,2004-02-24,100613437
1993-09-21,2003-07-13,411360677
2020-08-27,2002-03-21,552713006
2007-05-03,1998-01-27,751786852
2021-07-26,2000-03-13,178595710
2007-06-19,2011-09-12,163827362
2016-03-22,1999-07-13,816262761
2021-04-13,2009-01-15,381185190
1996-01-15,1998-06-15,52291806
1994-08-06,2013-11-30,187556731
2017-02-25,1996-04-07,377970559
1995-12-08,1998-06-05,818099873
2004-07-03,2001-01-06,891176694
2004-11-19,2013-02-28,213735580
2008-03-16,2016-01-10,816361667
2009-06-10,2017-01-24,964265156
2016-05-22,2008-06-03,521016598
2004-03-10,2002-03-25,185994278
2010-11-22,2010-05-21,916223371
1998-01-05,2011-05-08,259072885
1993-04-29,2007-10-25,739415629
2009-04-08,2007-07-11,168538151
2009-04-05,2007-04-25,246297656
2011-10-02,2005-12-23,579055555
2004-03-14,2014-08-30,72368490
2020-07-25,2010-05-13,76091459
2010-01-15,1996-09-01,749779034
1994-06-21,2003-10-10,177632762
2004-08-25,1995-07-07,36854539
2011-05-31,2015-12-06,358936465
2016-02-28,2013-04-13,450833273
2020-06-19,2005-11-04,208487828
2000-05-30,1991-07-13,55116295
2010-03-31,2004-12-13,28321173
2020-10-02,1993-09-08,285895438
1993-11-17,2010-11-16,722679740
1996-05-02,2002-11-08,856319881
2008-09-05,1997-04-17,740453207
1998-02-06,2002-05-13,579724963
2013-11-28,1993-08-04,97382261
2005-09-19,2021-07-08,418976101
2021-02-10,1993-04-15,897910332
2012-09-24,1996-12-27,214264166
2018-11-30,2005-05-24,37891048
1997-01-20,2009-01-10,230582398
2017-07-16,2000-01-21,548500752
1990-06-05,1994-05-14,515238100
1992-11-26,2007-09-11,649500878
2002-08-10,2008-07-30,743443105
2014-12-13,1991-07-17,359555665
2001-10-21,2006-01-10,143691103
2019-08-14,2007-04-17,84729910
2002-07-24,2021-06-15,275537469
2020-11-16,2003-02-05,100577728
1999-03-23,2008-10-27,687936303
2019-09-21,1991-07-11,880664889
2015-06-23,2006-02-06,951174880
2004-06-09,2009-01-13,27151118
2006-09-22,1994-08-30,424198835
1994-05-29,2013-03-10,285406635
2021-11-06,1994-10-24,274995938
1990-10-18,2002-09-23,111428051
2007-01-05,1999-06-26,984639404
1998-09-03,1997-03-22,723639347
2014-07-09,2012-12-02,351318704
1992-04-21,1996-07-13,312038345
2002-09-15,2013-04-26,722057022
1991-05-26,2021-07-24,635791951
2002-04-16,2018-02-28,7877003
2016-11-13,2020-01-09,390032210
2012-11-22,1996-11-01,882878860
2013-04-08,2001-08-31,79888919
2018-08-06,1990-04-25,66975675
2019-01-31,2001-10-13,658181613
1998-09-16,2015-08-04,765177705
2014-09-12,2018-01-16,622374798
2010-01-18,2018-07-28,623733761
1991-03-13,2015-10-23,344853622
1991-08-07,2010-02-26,176092946
2016-03-23,2018-11-14,242382466
2017-07-26,2003-03-30,217823008
1998-06-13,2021-11-17,431321931
2006-02-27,2020-03-29,940921211
2012-01-17,2020-12-29,86996678
2011-01-01,2005-12-13,160731653
2019-06-17,1995-05-10,40838476
2007-01-08,1998-02-02,507662045
1993-08-08,2019-09-04,775383150
2000-08-21,2004-02-21,795276138
1993-03-13,1992-09-09,367605883
1990-11-23,1990-06-16,876855859
1994-08-20,2004-06-21,909363097
1997-05-12,2001-05-08,593038599
2005-01-27,2002-05-12,295147913
1990-12-23,2002-05-02,759769508
2001-09-12,2010-01-29,269994126
2020-08-12,2001-10-28,321792248
2014-10-03,2011-03-06,164113782
2006-06-14,1995-09-27,948000560
2006-02-24,2010-04-01,823126250
2019-11-14,2011-08-24,666307088
1990-10-13,1990-08-14,400970847
2019-04-26,2014-06-02,347638622
2016-01-05,2017-10-20,664049017
1991-02-27,2014-07-11,249580592
2008-05-23,2003-07-02,920175883
1994-12-12,1998-11-25,134473938
2006-09-08,2001-03-31,72001867
1999-05-04,1996-08-01,70262850
2014-11-03,2013-08-05,444627057
2014-07-26,2015-12-21,97964644
1998-06-09,2008-02-10,722249846
1994-12-13,2017-02-05,241376074
2004-10-09,2018-01-12,48324292
1996-04-29,2018-12-05,98917600
1997-03-03,2002-11-26,366052068
1995-05-02,2001-09-08,939798784
2000-12-31,2016-09-23,917569780
2006-09-30,2010-10-09,25836337
1996-04-29,2003-12-30,827828864
2012-12-25,1995-09-08,339453701
2007-12-17,2000-06-14,830978967
2016-08-03,2004-02-02,368253522
2007-11-09,1993-10-01,47352770
2012-02-19,1998-03-07,187768395
2008-01-01,1996-12-13,110080092
2003-10-11,1998-01-13,914816323
2001-07-31,2005-08-26,78776004
2012-07-13,2005-08-16,630006224
2012-08-23,2018-08-08,951854143
2002-09-04,2015-12-23,344785127
2002-02-18,2018-11-21,508190958
2021-11-01,2019-04-03,543013931
2000-01-24,2017-11-04,901598127
2006-07-25,2005-06-09,446867226
1998-09-15,2020-12-16,484987329
2020-09-13,2001-05-14,460054663
2005-03-03,2016-06-01,925070012
2005-03-17,2000-08-23,529458635
1990-02-02,2015-03-06,744001212
1993-02-02,1993-09-17,347511999
2017-08-10,1999-10-19,96940770
1990-07-24,1999-10-15,373885769
2005-11-02,2013-07-27,641574247
1990-01-10,1998-04-20,831126399
2003-02-28,2003-06-24,919398582
2021-12-17,2018-05-28,222119331
2015-06-17,1994-01-10,1819807
1991-12-22,2012-05-17,183636215
2001-09-27,2004-02-28,81038685
2010-06-10,1998-01-27,143580704
2009-02-13,2008-06-23,206816903
1993-08-27,2010-09-17,596642562
2001-03-26,2001-06-21,130464725
1993-05-26,2000-08-09,264845194
2014-07-21,2007-08-23,264648397
1998-04-19,2004-01-28,838927234
2011-12-20,2011-09-29,44767058
1993-08-20,2009-11-28,989047130
2010-01-26,1992-05-25,836318621
1994-08-16,1995-05-26,579582336
2005-08-28,2011-12-29,380632367
2006-09-29,1995-12-18,107343356
1994-08-01,1993-04-25,196069835
1992-02-21,2003-12-18,299516273
2009-04-02,2007-05-22,314647066
2007-11-09,2012-01-19,223663819
1993-06-11,1993-12-28,644644339
1993-12-09,2006-11-30,394488738
2010-12-14,1991-09-26,705431685
2011-11-21,2011-10-08,468349835
1998-06-02,2008-08-11,134094452
2012-05-20,1998-12-11,527439465
2007-10-21,1992-06-17,780073312
1993-08-25,1994-01-28,79946097
1990-08-27,2012-03-16,979356212
2007-10-03,1993-04-04,984168166
1998-03-30,2007-10-05,906631980
2020-04-04,1992-05-30,818660321
1990-02-19,2020-12-30,151181043
2021-01-21,2007-02-16,107988687
2010-02-24,1993-03-21,409873086
2010-06-17,2004-06-07,845029831
2016-07-05,2022-01-01,789735366
2017-10-03,2013-11-21,535999820
2017-10-08,1993-05-05,942646119
2009-04-03,1999-07-08,673314908
2013-11-06,1992-02-11,910292130
1991-10-05,1997-07-02,987402420
2002-04-02,1999-10-04,920191844
2008-06-03,2013-12-08,413332020
1996-09-09,2005-01-11,40391506
2008-10-24,1992-12-25,971299776
2013-03-03,2017-12-05,163402874
1993-01-10,2006-11-18,240446578
2014-07-29,2002-05-21,650920850
1994-11-02,2016-04-24,662592771
2014-04-27,1990-11-22,352021419
2014-07-24,2005-01-21,393739985
2006-11-29,2005-10-03,432438710
1995-12-28,2009-04-24,675761352
2011-11-03,2001-11-12,885728908
2014-11-06,2015-09-10,304873545
2013-02-14,2017-01-01,32017199
1996-10-01,2020-03-16,942955098
2000-05-10,1990-10-05,478789485
2004-10-03,1995-01-26,808301526
2001-02-01,2011-12-21,381400982
2002-07-22,2004-09-12,681361346
1990-11-29,2011-05-03,713058179
2019-08-21,1990-12-08,691025154
1997-02-04,1992-06-24,109754629
2015-05-19,2004-08-11,630080786
2013-07-04,2012-08-17,43713174
2015-04-19,2010-12-08,361634975
2011-12-04,2021-09-28,648441340
2001-08-17,2012-04-27,196832459
2000-12-12,1999-05-12,472929121
2011-03-05,2009-06-02,640760314
2005-04-12,2000-04-27,573135409
1993-09-05,1994-11-27,394429785
2018-07-13,2019-09-16,461224292
1997-12-04,2012-10-16,764140003
2015-11-12,2011-10-12,368001930
1990-12-19,2015-01-07,201204776
2000-08-10,2012-12-06,875434325
1998-05-23,2006-06-29,15927079
2020-09-30,2007-08-21,482209299
2003-08-12,2012-10-31,60985303
2003-11-14,2016-05-02,945213235
1998-03-30,2018-12-04,891109592
1996-08-29,1994-12-29,608354106
2014-04-05,2022-01-17,658261738
2011-11-19,1994-09-10,140448013
2021-11-06,1997-10-06,273593334
2012-04-29,1997-08-31,258968453
1995-04-12,2013-09-16,584703326
1997-07-11,1999-07-30,600258956
1991-01-01,2000-02-28,842742379
2009-01-01,2003-05-28,685305944
2013-05-02,2021-03-20,606442108
2018-02-07,1994-08-15,343541074
1990-03-25,2001-08-22,326619176
2004-08-26,1990-11-29,153892480
2014-08-31,2017-01-13,288899387
2007-08-05,2020-07-19,232754090
2006-05-24,2005-07-28,985024702
1996-12-15,2015-04-19,30783940
2014-10-11,2017-03-04,139329499
2020-07-18,1996-12-29,391303249
1999-11-28,2015-01-09,803707703
1995-12-13,2006-11-04,376190351
2019-09-30,2005-06-09,509709922
2012-08-03,2012-01-05,21242871
2009-01-10,2020-09-18,898123278
2003-05-15,2005-09-08,343464463
2000-09-18,1991-12-22,467976968
1998-11-27,1992-01-28,614151286
1990-01-18,1990-07-13,686232190
2016-06-03,2005-07-14,133398103
1997-10-06,2008-02-16,263480240
2003-01-15,2020-10-01,7287074
2017-07-23,2006-06-20,311658035
2011-03-23,1991-10-01,271133307
1994-09-16,2001-05-12,65026703
2000-03-17,2021-09-25,759725551
2017-10-21,2013-08-28,905595893
1995-05-09,2009-02-19,831289880
2016-04-20,2014-08-17,536376887
1995-07-07,2010-07-28,306007999
1996-11-22,2012-05-27,259698566
2003-05-18,2014-12-22,873986990
2014-01-04,2020-03-23,446828590
1992-02-17,1997-10-31,338870187
1998-12-17,2009-05-25,763291971
2018-03-07,1996-05-21,221023902
2021-02-12,1995-06-03,771330269
1991-10-12,2001-01-03,686171192
2010-08-28,2006-01-01,479997832
2012-12-22,1990-06-07,594195302
1999-10-14,2011-01-19,787190750
1993-08-26,2016-07-24,290344247
2020-01-11,1994-11-30,408259729
2007-02-15,2018-11-20,443509268
2004-02-24,2021-07-17,646319470
1997-08-26,2015-11-15,73074680
2006-10-18,2004-02-13,699589536
2014-10-30,1992-12-01,683009569
2015-10-10,2007-12-22,630107704
2000-09-05,2000-01-29,627698964
2015-03-11,1993-04-24,925706563
2016-09-03,2015-04-10,379253678
2017-05-28,1998-09-15,9673982
1993-08-08,1995-07-25,406111706
1992-04-18,2020-09-20,846583091
1993-09-15,1994-05-12,635728686
2015-02-16,1998-10-12,523207603
2020-10-15,1993-06-12,975891544
2007-01-20,2011-11-26,495301190
2007-09-06,1991-07-29,634870343
2011-06-09,2014-09-08,737348404
2020-06-11,1996-09-01,772658377
2013-06-04,2003-02-04,675477687
2009-09-10,2020-11-15,539069767
2006-04-09,2002-03-03,479431996
2007-06-23,2013-11-29,448676150
1997-08-01,1997-08-31,466129058
1996-03-18,2020-05-26,421382186
1995-07-26,2008-12-09,998785698
2020-11-19,2009-05-06,441406764
2020-10-11,2017-04-27,638303153
1997-11-18,1997-03-09,34122097
2018-07-19,2014-01-16,535646255
2009-09-13,2020-07-22,473156301
2003-07-08,2009-12-23,190353723
2014-12-03,1995-12-12,740783272
1995-01-02,2002-07-24,969799186
1994-11-19,2001-11-09,907780077
2012-03-11,2017-05-18,577315514
2004-02-06,2015-07-07,44936568
2008-08-26,1991-05-20,123851323
2016-05-04,1991-11-21,522012861
2018-12-02,2013-06-21,141435441
1993-09-01,2004-12-23,393668804
1993-11-15,1993-01-17,519802368
2015-08-18,2001-07-15,842082482
2016-08-22,2011-03-24,706394130
1995-06-08,2019-04-22,527385165
2012-07-24,1998-05-23,89562478
2015-09-09,2014-01-09,7511161
2021-02-18,2016-01-10,689443710
2011-10-15,2021-02-16,952153455
2005-07-18,1995-08-11,596768992
2018-03-24,2004-12-15,587982615
2012-08-26,2021-11-09,649314530
2007-05-31,2019-02-18,652839614
2012-05-28,2019-06-07,580192772
2003-03-10,2002-03-27,960613108
2009-08-12,1992-07-06,192983484
2011-05-20,1992-01-04,704703744
2017-08-08,2014-03-17,159121371
1990-06-22,2011-06-26,19660657
1992-01-03,2010-09-19,445425096
2005-07-18,2017-01-22,751444066
2005-11-06,2007-01-01,184858278
2010-02-02,2003-09-14,703130029
1996-11-16,1996-01-24,374256126
1990-07-02,1997-08-27,853894853
1991-06-15,1998-07-08,897533801
1995-12-13,1997-01-06,474075540
2009-02-08,2015-08-20,149464361
2001-04-07,1994-04-06,871165736
1995-03-01,2007-04-02,865121074
1998-05-11,1991-10-11,863463139
1993-02-14,2007-03-19,181810992
2012-05-17,2005-02-05,888884586
2015-05-16,1991-01-08,499299583
1998-08-24,1997-07-29,161634618
2008-07-15,2006-04-14,811934415
1998-01-01,2020-03-14,167169418
2000-01-30,2008-05-23,118747307
2008-03-06,1990-09-12,205722838
2007-03-02,1998-05-28,902987212
2016-09-13,1995-04-26,632563792
2012-06-23,2019-07-01,861592125
2017-12-08,2019-03-03,239757286
2016-09-06,2005-05-27,21867287
2011-02-06,2007-02-03,331605772
1997-10-05,2010-03-27,41887133
1999-07-30,1996-03-11,514234241
1996-11-18,1997-09-07,320645726
1992-02-06,2021-06-14,843576977
2003-05-06,2018-12-30,968915227
2021-03-06,2011-07-05,250263696
2012-10-17,1999-07-16,938839317
2016-01-28,2014-09-18,94281543
2001-07-10,2004-10-28,529752752
1997-11-15,2011-08-01,814100449
2018-07-08,2002-07-16,387655274
2009-11-16,2002-03-04,839681995
2012-06-22,2007-07-21,881731775
2003-06-22,2018-05-08,381043991
2001-08-03,2017-05-05,399014081
2008-11-13,2006-02-25,20398436
1997-03-18,2018-12-20,918112373
2010-07-20,1997-06-20,251843037
2014-04-17,2005-03-01,607557054
2017-07-25,2017-03-29,22962728
2012-10-09,1995-12-09,89788377
1994-10-05,2014-03-04,477923855
2003-08-25,2009-04-29,17302447
2003-08-06,2001-04-29,558230029
2007-11-12,2003-03-27,317922804
2000-11-27,2001-03-09,104887853
1993-12-10,1993-11-13,682802006
2021-11-17,1992-06-03,108049185
2018-05-13,2013-06-01,54288756
2015-06-08,2005-02-02,423269301
2014-07-09,2018-08-30,689251537
2012-12-18,2020-06-23,165363350
2000-09-03,2014-01-02,721894125
1999-12-07,2005-07-06,517924413
1998-07-09,2004-04-12,317202635
1999-10-04,2010-09-06,545659810
2009-01-29,1991-02-05,747514979
2010-03-24,1993-03-11,664112688
2001-09-30,2012-10-13,701493457
1996-01-22,2014-10-27,866686207
2014-08-19,1992-06-20,982758514
2015-01-15,1997-02-09,735212195
2012-05-10,2008-11-20,803272580
2012-09-30,2016-04-19,194712858
1993-02-15,2021-03-13,153498574
2004-07-30,1999-12-14,683415276
1996-12-11,2015-11-21,283794863
1994-07-29,2020-07-23,548239923
1991-05-04,2003-09-15,916751865
2014-01-30,2000-02-01,873344676
2008-05-13,2019-03-31,459974209
1995-10-05,2014-02-02,772498516
2008-09-25,2007-06-27,928232246
2016-01-12,1997-08-20,825066392
2020-01-28,2010-08-06,134122526
2005-08-25,2014-08-23,426580654
1994-01-24,1991-08-11,913161589
2007-07-24,2008-06-06,72513214
2004-10-24,1998-10-22,937008386
2014-06-19,1993-01-03,615527765
2014-01-16,2014-08-11,721531467
2016-02-20,2008-01-20,459803551
2017-05-16,2006-04-15,339026474
2008-03-07,1997-05-05,873054749
2021-10-26,2017-07-11,164956
2010-04-25,2014-04-13,392963053
1991-01-31,1991-08-21,143455182
2015-01-19,1997-02-02,339508736
2009-07-07,1996-11-04,556848191
2012-02-25,2004-08-06,821335874
2019-10-25,2013-03-20,506061551
2017-05-10,2000-06-16,653332813
2005-01-07,2013-04-25,250404337
1994-10-11,2018-09-23,454684423
1994-06-17,2020-12-19,793487407
2018-09-25,1998-09-24,797687293
2008-02-11,2013-12-13,939520237
1999-08-14,2019-08-11,1529461
2021-12-24,2014-07-24,744171568
2019-01-11,2002-12-02,309983733
2008-11-10,1999-07-19,913225153
2020-08-08,1990-12-01,53738416
2019-10-14,2020-04-12,222074651
2017-08-31,1998-10-19,560154984
2011-01-21,2000-12-15,45324665
2001-03-02,2005-05-28,647909527
2013-10-24,1992-06-02,75905144
2003-01-24,1999-02-11,538468340
2017-10-02,2021-01-10,532205726
2002-05-02,1995-08-21,36358710
1991-04-10,2000-09-09,298509396
2005-08-29,1994-06-23,921003756
2014-01-23,2010-10-04,85276941
1993-02-13,2021-01-23,518553796
2009-06-05,1995-10-07,576925807
2008-03-02,2000-07-19,221209706
2001-12-15,2011-12-26,823681162
2021-12-02,1994-10-02,239048827
1999-12-31,2005-06-19,359139961
1995-12-30,2010-12-27,960126344
2021-05-13,2007-06-11,991471569
2007-09-21,2020-04-23,562767728
2021-09-24,2005-11-06,162415419
2002-07-16,2018-03-11,529003637
2013-04-03,2013-02-19,159979395
2009-01-27,1991-12-27,859022218
2014-02-19,2017-01-06,436954524
1999-08-17,2018-01-28,411253121
1991-01-04,2019-02-25,165259188
1996-10-12,2019-09-05,525132702
2016-11-19,1994-10-02,515382379
2015-01-06,2013-04-30,556911667
2005-07-28,1994-05-09,590446915
1992-01-11,1997-05-30,290766024
2005-07-28,2003-08-08,79158562
1998-04-20,1994-10-20,619217675
2011-10-21,2006-02-06,932124299
2008-07-14,1994-07-13,638651061
2016-04-11,2021-02-05,819118270
2013-09-15,1991-11-30,978976553
2020-03-15,2017-06-08,485391103
1999-01-04,1992-10-19,181821805
2018-04-30,2007-03-03,130856724
2021-11-08,2000-07-24,282046187
1991-05-16,2021-12-11,721275973
1991-01-07,1996-05-03,733036631
2011-09-29,2014-03-12,191254233
2012-07-09,2017-11-29,573896277
2001-10-20,1996-11-16,852172268
1997-09-03,1996-12-23,648091962
2006-09-01,1997-07-23,508711972
2009-03-03,1992-06-11,127710647
1990-01-12,2011-02-23,332541731
2007-10-30,1995-02-13,731136116
2016-12-12,2009-03-10,624721817
2001-04-02,2001-06-01,494533950
2004-08-10,2002-11-05,697980883
2017-07-24,2005-03-01,642219937
2018-09-19,2020-05-21,562007697
2014-12-02,2014-12-26,847312112
2009-08-26,2022-01-14,796394965
2017-07-02,2021-08-04,644568324
2014-07-09,2020-05-28,584704419
1994-03-22,2018-10-13,269149222
2017-05-05,2012-06-25,528559872
2010-11-19,2006-07-16,69253400
2017-12-12,1996-09-19,190545477
2001-08-10,2015-03-17,751970935
2000-12-02,2009-08-31,389211228
2020-08-05,2021-07-26,197754602
2018-11-12,2006-06-18,413282356
2006-10-26,1999-05-08,350494710
2019-02-20,2001-12-19,426793069
1993-05-13,2018-08-01,852115136
1990-02-02,2017-05-19,789851750
2010-07-20,1991-08-01,532317942
2011-03-25,2007-04-20,493868408
1992-11-18,2007-07-25,112694160
2003-08-16,2000-06-15,892392679
2002-03-04,1994-05-14,838590228
1995-12-22,2012-11-19,286411650
2002-08-06,2012-01-24,876169599
2000-08-02,1998-10-19,215366348
2007-06-21,2018-04-26,927485012
2007-03-12,2015-03-07,951725165
2005-02-18,2019-08-10,527750264
2002-11-15,2006-05-08,200476172
2015-04-28,2006-03-02,177740551
2018-11-05,1991-04-29,104423204
1998-04-08,2009-11-11,609642056
2016-02-08,2003-10-19,624857602
2013-09-13,2002-12-16,212512917
1991-12-24,2007-04-24,748283894
2009-03-11,2003-02-19,650943119
2007-01-16,2003-11-21,466222138
2008-09-05,1992-02-10,881760131
2011-07-31,2019-03-21,277967478
2019-06-08,2001-09-03,38149040
2006-08-20,1992-10-06,116858259
2016-03-09,2000-07-23,963406010
2013-07-06,2015-12-15,724612210
1991-09-16,2009-11-16,880908939
2013-11-23,2011-06-23,986609143
1997-10-23,1999-06-10,984825201
2004-01-05,2018-06-05,778918478
1992-06-28,2009-05-12,414681253
1990-08-26,2021-09-23,496078368
2021-04-05,1992-04-11,77490325
2002-07-10,1995-04-15,836460755
2015-04-24,2016-10-01,873823129
2007-06-18,2017-07-29,830996226
2020-08-03,1992-05-13,182935267
2018-09-25,2001-03-27,958849797
2016-01-30,2001-08-01,741833489
2000-07-10,2016-07-28,130512313
2009-06-14,2015-07-28,44765064
2005-06-04,2021-06-16,293342980
2015-06-02,2012-03-07,383320556
2015-08-03,2000-09-26,69117987
2017-03-12,1998-08-20,367747527
1997-09-05,2021-08-31,278443543
2019-01-02,2002-12-16,108298867
2005-09-09,2000-09-05,851017747
2001-02-08,2021-08-25,254344611
2015-04-04,2003-10-05,205835820
2021-03-26,2011-06-10,614968247
2010-02-05,2004-02-22,709138571
2007-06-25,1996-11-07,463925712
2021-01-11,2010-07-09,563390092
1993-07-26,1992-07-04,219401991
2013-06-24,2013-09-05,426986806
1995-06-05,2016-05-19,338938053
2016-06-01,1999-07-02,397679609
2013-10-22,2021-10-31,756194828
2005-06-12,2004-11-29,219944226
2002-12-12,2003-10-18,755400054
1991-08-14,2009-03-29,48629323
2012-04-06,1996-08-21,166916860
1999-11-02,2014-03-19,123369091
1994-02-26,2009-11-15,391541761
1993-05-13,1999-10-14,365336677
2005-01-29,2015-05-26,440375740
2000-11-14,1997-09-25,795275960
1999-01-03,2014-05-07,454918999
2018-04-19,2003-10-17,259684061
2008-08-20,2016-12-18,830618031
2016-10-08,2003-07-12,980339379
2021-02-25,2003-05-23,89094100
2014-07-31,1995-09-10,430673507
2016-12-25,1991-04-13,730066662
2012-11-10,2001-07-14,491723071
1996-03-28,1997-07-20,632856875
2021-07-10,2006-05-05,556102316
2016-06-22,1995-06-17,859474165
2001-10-12,2021-03-27,18968631
2017-09-06,2012-08-20,830419195
2007-02-01,2000-04-12,611286775
1997-07-03,1999-10-29,378897466
1994-07-24,2000-07-09,708230985
1999-01-30,1994-08-30,398066541
1998-01-07,2011-06-24,655457166
1991-07-05,1999-03-20,779520777
2013-09-23,1997-01-08,436391218
2001-02-11,2001-02-20,22763124
2012-10-14,2009-09-13,771670812
2003-12-07,1999-04-04,489466990
1999-08-07,1991-09-29,74921057
2002-08-15,2017-03-19,776431610
2020-03-09,2001-11-08,103816092
1995-12-23,2021-06-28,663458394
2000-09-06,2006-11-03,234364856
1999-06-10,2013-08-23,299773816
1995-05-29,2021-09-23,779770081
2012-10-18,2022-01-08,812808208
1993-05-28,2021-02-05,883933505
2006-12-11,2014-01-06,909474838
2020-03-14,2010-12-25,619913301
1998-03-07,2017-01-29,912048329
1995-07-02,2018-01-25,905553425
2011-01-25,2021-09-04,749231300
1991-01-05,1994-10-07,445282123
2016-10-17,2014-07-08,399486195
1992-05-26,1999-09-15,759164740
2008-11-25,1996-11-11,199564025
2000-02-09,2002-09-17,419762537
1998-11-23,1998-02-04,731656505
2020-07-22,2013-09-08,438176495
1997-01-11,1997-07-02,731567463
2013-02-27,2008-02-16,682537643
2004-12-20,2018-10-22,279952735
2020-01-29,1999-02-16,839723175
2007-05-26,1998-03-09,755383259
2019-10-29,2013-05-08,212871110
2009-01-08,2006-11-19,727601608
1998-11-28,2007-09-12,397340636
1991-12-14,2016-08-05,113337841
1998-06-10,1994-05-25,607643499
1995-07-12,2014-07-26,992460858
2010-08-19,1999-09-27,848435793
2019-06-07,2006-03-11,269092631
2008-12-06,2013-10-28,449763586
2001-05-31,1998-01-02,485477412
1995-03-30,1999-09-15,896343608
2002-02-08,2005-12-02,455114484
2005-01-26,2016-06-27,808348895
2007-02-11,1995-04-29,212607807
2021-10-26,1997-11-16,133107369
1997-02-24,2013-12-16,772378549
2004-09-27,2005-10-12,468108338
2013-06-30,2021-06-06,339232491
1995-01-26,2001-07-04,430771494
1997-11-11,1994-05-06,884251199
2018-07-13,2015-05-10,989676163
2007-06-30,2012-11-22,564170928
1994-01-23,2008-05-10,345983779
1995-10-12,2000-02-21,6981931
2016-07-05,1990-05-29,35284984
2016-04-10,2012-01-06,651238113
2015-02-13,1995-03-23,133367132
1996-06-12,1994-06-17,17042702
1994-04-29,2005-08-05,378815931
2003-10-27,2002-05-15,819364332
2004-02-19,2004-05-13,395420827
2006-05-30,1992-11-19,188705297
2021-08-13,1999-12-14,96198665
2000-11-15,2020-09-05,804330567
1991-02-23,2013-10-17,166840324
2011-10-15,2017-06-27,53569638
2016-04-27,2011-02-23,333624769
2004-01-09,2019-03-25,402776140
2018-04-04,1999-05-26,565026769
2012-02-08,2020-11-28,443458816
1995-09-21,2019-06-06,705758343
1998-04-19,2012-08-23,267393115
2001-08-24,2018-05-10,780161487
2015-09-09,2004-03-20,734735743
2015-01-02,2015-09-11,877658884
2007-07-04,2020-08-29,178817560
1990-11-02,2020-11-30,817169730
1999-10-05,2021-05-01,771296736
2004-01-16,2017-04-21,412638222
2021-10-17,1999-04-10,169559057
2003-10-25,2007-01-21,411276599
2011-11-17,2002-09-06,93369931
2002-06-14,1996-10-01,421416009
2008-11-12,2019-04-25,213730719
1996-07-10,2010-10-31,170995193
1995-05-14,2017-04-07,565152839
1997-04-08,2011-08-31,664160223
2002-12-22,2005-02-07,343639408
2005-05-30,2001-07-09,745682626
2009-07-04,2018-01-24,462423172
1993-10-31,2017-10-20,887057159
2003-04-01,2008-03-04,802059216
2000-01-07,2005-11-14,86379641
2020-05-10,2015-05-11,927608035
1994-01-08,2001-09-01,270228017
1998-07-15,1997-11-13,439988960
2006-06-26,2011-12-24,909162392
1992-02-09,1990-09-09,925329875
2018-09-13,2013-04-23,717255484
2017-04-21,2018-03-20,450995773
2011-03-30,2016-01-16,540098808
2010-02-05,2000-02-15,807487050
2018-09-21,2007-06-07,611703847
2012-06-26,2011-06-26,702619568
2018-12-09,2017-08-09,911301227
2000-01-26,1998-05-04,83134596
2006-10-13,1995-07-11,186566829
2003-07-11,2014-05-15,924036230
2015-06-09,2018-07-05,741340584
2006-12-20,1994-04-04,214661529
2001-09-14,2004-04-01,929933109
2011-05-22,2008-10-01,76948027
2002-02-01,1996-09-26,227867848
2020-09-03,2013-10-07,669261144
2002-02-20,1990-04-18,408824580
2003-05-22,2008-02-12,837069788
2013-11-09,2014-12-20,451325958
2019-05-21,2015-12-27,786049344
2015-12-13,2000-07-20,21259588
2010-12-03,2007-10-23,96285173
1994-04-24,2021-08-11,973703147
2017-09-07,1996-07-29,765317931
1996-04-14,2021-12-14,330127450
2005-02-11,2009-09-24,621707613
2015-05-31,1994-04-11,460223847
2010-06-18,2010-09-08,613006814
2019-09-04,2016-06-23,137671567
1997-01-25,2012-02-17,218688779
2009-05-01,2010-11-26,522286337
2020-08-31,2010-11-19,513608905
1999-09-26,2014-08-02,54445334
2012-08-18,2000-12-19,581165684
2008-06-11,2007-09-18,847195061
1999-07-30,2020-03-09,244046582
1998-07-30,2018-07-30,285844362
1994-07-17,2017-04-17,500438584
2010-05-15,2018-10-23,705302411
2007-10-04,2007-12-19,623919343
2012-01-24,2015-05-08,64547352
1992-02-13,2008-09-10,926007505
1991-05-28,2007-11-18,452661160
2020-02-24,2015-03-17,134693831
2019-08-06,2013-04-28,161791749
2006-11-17,2003-12-15,501565955
2011-12-16,2013-12-20,244096719
2018-01-02,2013-10-10,335514101
2020-01-12,1991-08-25,935116854
2012-07-27,2003-10-27,354937244
2021-08-25,1993-08-28,326604396
2016-10-27,1998-09-23,747396764
2011-01-01,2005-12-26,325202856
1996-03-22,1994-01-12,328929178
2002-12-22,2017-01-21,558433307
2003-09-30,2003-10-23,963596171
2010-12-30,2012-08-24,779675138
2016-09-08,1994-09-24,214333326
1997-12-11,2017-07-08,176076355
2018-08-29,1997-02-01,828866832
2017-06-20,2014-09-21,680111221
2007-11-04,1993-05-06,108138200
2018-06-16,2001-09-09,448743188
2021-04-06,2014-01-19,268895143
2001-07-19,2002-11-16,459888133
2018-06-02,2002-08-10,470560968
2007-02-24,2011-07-05,148342940
2020-10-06,2011-08-10,177931114
2001-10-07,2002-08-19,720725916
1998-09-03,1993-01-29,683597569
1993-01-24,1999-07-25,882936911
2003-08-15,2016-06-03,79507006
2018-01-12,2002-06-27,483656250
2007-05-16,2002-09-23,112433054
2009-02-04,1990-08-18,157304214
2010-05-05,2000-01-27,974086804
2015-12-14,2018-03-11,202925689
2019-04-22,2007-09-25,112219355
2004-05-27,1997-01-17,145190663
2006-04-14,2010-03-02,918432124
2007-01-11,2016-12-10,442570798
1998-09-25,1993-01-28,933859380
1991-04-13,1998-10-24,771361758
2005-06-12,2008-03-22,769369067
1992-04-26,2014-06-17,638646624
2004-05-28,2020-06-11,564844747
2015-07-05,2020-12-07,605721141
2019-12-26,2014-07-17,487065440
2001-12-08,2002-10-06,28517589
2009-10-22,2012-04-06,902036378
2015-06-29,2012-08-22,351038656
2019-02-17,2018-09-24,625772045
1997-06-06,2015-05-18,411464059
2007-04-22,2005-03-20,904351229
2013-03-17,2006-11-27,661834004
2012-03-30,1995-03-10,572732858
2007-02-18,1995-03-31,586015614
2009-01-06,1996-04-10,230241578
1997-03-22,2002-02-17,713666241
1997-12-01,2011-11-13,434449951
2013-01-03,1995-03-09,376547583
2005-08-14,2016-09-22,905021561
2016-05-11,1993-09-11,909573997
2018-10-29,1992-05-12,585529283
2017-10-18,1990-09-28,711300406
1990-06-04,1993-07-12,858502245
2006-07-05,2019-07-30,751636152
1991-04-10,1998-08-30,63431408
2018-01-10,2014-09-12,384924085
1996-05-08,2000-04-30,515180573
1992-08-28,2006-06-05,811692920
2006-03-22,2001-05-08,371716840
2013-12-08,2013-04-02,303995412
1992-09-27,1994-11-15,158628707
1992-01-15,2021-02-06,852731138
2003-01-13,1990-03-25,766330449
2001-05-14,2001-06-02,580343202
